INSERT INTO mnt_jenis_kelamin
(code, name, description, updated_by, last_updated, version, delete_flag, inactive_flag, created_by, date_created, idx) values
    ('M', 'pria', 'pria', '', CURRENT_TIMESTAMP, 1, false, false, '', '2024-07-06 09:14:35', 1),
    ('F', 'wanita', 'wanita', '', CURRENT_TIMESTAMP, 1, false, false, '', '2024-07-06 09:14:35', 2);

INSERT INTO mnt_instansi_type
(code, name, description, updated_by, last_updated, version, delete_flag, inactive_flag, created_by, date_created, idx) VALUES 
    ('IT1', 'pusbin', '', '', CURRENT_TIMESTAMP, 1, false, false, '', '2024-07-06 09:14:34', 1),
    ('IT2', 'kementerian lembaga', '', '', CURRENT_TIMESTAMP, 1, false, false, '', '2024-07-06 09:14:34', 2),
    ('IT3', 'provinsi', '', '', CURRENT_TIMESTAMP, 1, false, false, '', '2024-07-06 09:14:34', 3),
    ('IT4', 'kabupaten', '', '', CURRENT_TIMESTAMP, 1, false, false, '', '2024-07-06 09:14:34', 4),
    ('IT5', 'kota', '', '', CURRENT_TIMESTAMP, 1, false, false, '', '2024-07-06 09:14:34', 5);

INSERT INTO mnt_jenjang
(code, kategori, name, description, updated_by, last_updated, version, delete_flag, inactive_flag, created_by, date_created, idx) VALUES 
    ('JJ1', 'keterampilan', 'pemula', '', '', CURRENT_TIMESTAMP, 1, false, false, '', '2024-07-06 09:14:33', 8),
    ('JJ2', 'keterampilan', 'terampil', '', '', CURRENT_TIMESTAMP, 1, false, false, '', '2024-07-06 09:14:33', 7),
    ('JJ3', 'keterampilan', 'mahir', '', '', CURRENT_TIMESTAMP, 1, false, false, '', '2024-07-06 09:14:33', 6),
    ('JJ4', 'keterampilan', 'penyelia', '', '', CURRENT_TIMESTAMP, 1, false, false, '', '2024-07-06 09:14:33', 5),
    ('JJ5', 'keahlian', 'pertama', '', '', CURRENT_TIMESTAMP, 1, false, false, '', '2024-07-06 09:14:33', 4),
    ('JJ6', 'keahlian', 'muda', '', '', CURRENT_TIMESTAMP, 1, false, false, '', '2024-07-06 09:14:33', 3),
    ('JJ7', 'keahlian', 'madya', '', '', CURRENT_TIMESTAMP, 1, false, false, '', '2024-07-06 09:14:33', 2),
    ('JJ8', 'keahlian', 'utama', '', '', CURRENT_TIMESTAMP, 1, false, false, '', '2024-07-06 09:14:33', 1);

INSERT INTO mnt_pangkat
(code, golongan, name, description, updated_by, last_updated, version, delete_flag, inactive_flag, created_by, date_created, idx) VALUES
    ('PK1', 'IIa', 'Pengatur Muda', '', '', CURRENT_TIMESTAMP, 1, false, false, '', '2024-07-06 09:14:33', 12),
    ('PK2', 'IIb', 'Pengatur Muda Tk. I', '', '', CURRENT_TIMESTAMP, 1, false, false, '', '2024-07-06 09:14:33', 11),
    ('PK3', 'IIc', 'Pengatur', '', '', CURRENT_TIMESTAMP, 1, false, false, '', '2024-07-06 09:14:33', 10),
    ('PK4', 'IId', 'Pengatur Tk. I', '', '', CURRENT_TIMESTAMP, 1, false, false, '', '2024-07-06 09:14:33', 9),
    ('PK5', 'IIIa', 'Penata Muda', '', '', CURRENT_TIMESTAMP, 1, false, false, '', '2024-07-06 09:14:33', 8),
    ('PK6', 'IIIb', 'Penata Muda Tk. I', '', '', CURRENT_TIMESTAMP, 1, false, false, '', '2024-07-06 09:14:33', 7),
    ('PK7', 'IIIc', 'Penata', '', '', CURRENT_TIMESTAMP, 1, false, false, '', '2024-07-06 09:14:33', 6),
    ('PK8', 'IIId', 'Penata Tk. I', '', '', CURRENT_TIMESTAMP, 1, false, false, '', '2024-07-06 09:14:33', 5),
    ('PK9', 'IVa', 'Pembina', '', '', CURRENT_TIMESTAMP, 1, false, false, '', '2024-07-06 09:14:33', 4),
    ('PK10', 'IVb', 'Pembina Tk. I', '', '', CURRENT_TIMESTAMP, 1, false, false, '', '2024-07-06 09:14:33', 3),
    ('PK11', 'IVc', 'Pembina Utama Muda', '', '', CURRENT_TIMESTAMP, 1, false, false, '', '2024-07-06 09:14:33', 2),
    ('PK12', 'IVd', 'Pembina Utama Madya', '', '', CURRENT_TIMESTAMP, 1, false, false, '', '2024-07-06 09:14:33', 1);

INSERT INTO mnt_jabatan
(code, type, name, description, updated_by, last_updated, version, delete_flag, inactive_flag, created_by, date_created, idx) VALUES
    ('JB1', 'external', 'Analis Perdagangan', '', '', CURRENT_TIMESTAMP, 1, false, false, '', '2024-07-06 09:14:33', 11),
    ('JB2', 'external', 'Penjamin Mutu Produk', '', '', CURRENT_TIMESTAMP, 1, false, false, '', '2024-07-06 09:14:33', 10),
    ('JB3', 'external', 'Pemeriksa Perdagangan Berjangka Komoditi', '', '', CURRENT_TIMESTAMP, 1, false, false, '', '2024-07-06 09:14:33', 9),
    ('JB4', 'external', 'Pengawas Perdagangan', '', '', CURRENT_TIMESTAMP, 1, false, false, '', '2024-07-06 09:14:33', 8),
    ('JB5', 'external', 'Negosiator Perdagangan', '', '', CURRENT_TIMESTAMP, 1, false, false, '', '2024-07-06 09:14:33', 7),
    ('JB6', 'external', 'Analis Investigasi dan Pengamanan Perdagangan', '', '', CURRENT_TIMESTAMP, 1, false, false, '', '2024-07-06 09:14:33', 6),
    ('JB7', 'internal', 'Penguji Mutu Barang', '', '', CURRENT_TIMESTAMP, 1, false, false, '', '2024-07-06 09:14:33', 5),
    ('JB8', 'internal', 'Pengawas Kemetrologian', '', '', CURRENT_TIMESTAMP, 1, false, false, '', '2024-07-06 09:14:33', 4),
    ('JB9', 'internal', 'Pranata Lab Kemetrologian', '', '', CURRENT_TIMESTAMP, 1, false, false, '', '2024-07-06 09:14:33', 3),
    ('JB10', 'internal', 'Pengamat Tera', '', '', CURRENT_TIMESTAMP, 1, false, false, '', '2024-07-06 09:14:33', 2),
    ('JB11', 'internal', 'Penera', '', '', CURRENT_TIMESTAMP, 1, false, false, '', '2024-07-06 09:14:33', 1);

INSERT INTO mnt_pendidikan
(code, name, description, updated_by, last_updated, version, delete_flag, inactive_flag, created_by, date_created, idx) VALUES
    ('PD1', 'SLTA/SMK', '', '', CURRENT_TIMESTAMP, 1, false, false, '', '2024-07-06 09:14:34', 999),
    ('PD2', 'D3', '', '', CURRENT_TIMESTAMP, 1, false, false, '', '2024-07-06 09:14:34', 999),
    ('PD3', 'S1/D4', '', '', CURRENT_TIMESTAMP, 1, false, false, '', '2024-07-06 09:14:34', 999),
    ('PD4', 'S2', '', '', CURRENT_TIMESTAMP, 1, false, false, '', '2024-07-06 09:14:34', 999),
    ('PD5', 'S3', '', '', CURRENT_TIMESTAMP, 1, false, false, '', '2024-07-06 09:14:34', 999);

INSERT INTO mnt_pangkat_jenjang
(id, pangkat_code, jenjang_code, name, description, updated_by, last_updated, version, delete_flag, inactive_flag, created_by, date_created, idx) VALUES
    ('8288756f-1355-4f6e-9903-ce95cfc06ddb', 'PK1', 'JJ1', 'IIa - pemula', '', '', CURRENT_TIMESTAMP, 1, false, false, '', '2024-07-06 09:14:33', 999),
    ('8288756f-2355-4f6e-9903-ce95cfc06ddb', 'PK2', 'JJ2', 'IIb - terampil', '', '', CURRENT_TIMESTAMP, 1, false, false, '', '2024-07-06 09:14:33', 999),
    ('8288756f-3355-4f6e-9903-ce95cfc06ddb', 'PK3', 'JJ2', 'IIc - terampil', '', '', CURRENT_TIMESTAMP, 1, false, false, '', '2024-07-06 09:14:33', 999),
    ('8288756f-4355-4f6e-9903-ce95cfc06ddb', 'PK4', 'JJ2', 'IId - terampil', '', '', CURRENT_TIMESTAMP, 1, false, false, '', '2024-07-06 09:14:33', 999),
    ('8288756f-5355-4f6e-9903-ce95cfc06ddb', 'PK5', 'JJ3', 'IIIa - mahir', '', '', CURRENT_TIMESTAMP, 1, false, false, '', '2024-07-06 09:14:33', 999),
    ('8288756f-6355-4f6e-9903-ce95cfc06ddb', 'PK6', 'JJ3', 'IIIb - mahir', '', '', CURRENT_TIMESTAMP, 1, false, false, '', '2024-07-06 09:14:33', 999),
    ('8288756f-7355-4f6e-9903-ce95cfc06ddb', 'PK7', 'JJ4', 'IIIc - penyelia', '', '', CURRENT_TIMESTAMP, 1, false, false, '', '2024-07-06 09:14:33', 999),
    ('8288756f-8355-4f6e-9903-ce95cfc06ddb', 'PK8', 'JJ4', 'IIId - penyelia', '', '', CURRENT_TIMESTAMP, 1, false, false, '', '2024-07-06 09:14:33', 999),
    ('8288756f-9355-4f6e-9903-ce95cfc06ddb', 'PK5', 'JJ5', 'IIIa - pertama', '', '', CURRENT_TIMESTAMP, 1, false, false, '', '2024-07-06 09:14:33', 999),
    ('8288756f-7155-4f6e-9903-ce95cfc06ddb', 'PK6', 'JJ5', 'IIIb - pertama', '', '', CURRENT_TIMESTAMP, 1, false, false, '', '2024-07-06 09:14:33', 999),
    ('8288756f-7255-4f6e-9903-ce95cfc06ddb', 'PK7', 'JJ6', 'IIIc - muda', '', '', CURRENT_TIMESTAMP, 1, false, false, '', '2024-07-06 09:14:33', 999),
    ('8288756f-7315-4f6e-9903-ce95cfc06ddb', 'PK8', 'JJ6', 'IIId - muda', '', '', CURRENT_TIMESTAMP, 1, false, false, '', '2024-07-06 09:14:33', 999),
    ('8288756f-7455-4f6e-9903-ce95cfc06ddb', 'PK9', 'JJ7', 'IVa - madya', '', '', CURRENT_TIMESTAMP, 1, false, false, '', '2024-07-06 09:14:33', 999),
    ('8288756f-7555-4f6e-9903-ce95cfc06ddb', 'PK10', 'JJ7', 'IVb - madya', '', '', CURRENT_TIMESTAMP, 1, false, false, '', '2024-07-06 09:14:33', 999),
    ('8288756f-7655-4f6e-9903-ce95cfc06ddb', 'PK11', 'JJ7', 'IVc - madya', '', '', CURRENT_TIMESTAMP, 1, false, false, '', '2024-07-06 09:14:33', 999),
    ('8288756f-7755-4f6e-9903-ce95cfc06ddb', 'PK12', 'JJ8', 'IVd - utama', '', '', CURRENT_TIMESTAMP, 1, false, false, '', '2024-07-06 09:14:33', 999);

INSERT INTO mnt_angka_kredit_pangkat
(id, angka_kredit, pangkat_code, name, description, updated_by, last_updated, version, delete_flag, inactive_flag, created_by, date_created, idx) VALUES
    ('8288756f-1355-4f6e-9903-ce95cfc06ddb', 15, 'PK1', 'IIa - pemula', '', '', CURRENT_TIMESTAMP, 1, false, false, '', '2024-07-06 09:14:33', 999),
    ('8288756f-2355-4f6e-9903-ce95cfc06ddb', 20, 'PK2', 'IIb - terampil', '', '', CURRENT_TIMESTAMP, 1, false, false, '', '2024-07-06 09:14:33', 999),
    ('8288756f-3355-4f6e-9903-ce95cfc06ddb', 20, 'PK3', 'IIc - terampil', '', '', CURRENT_TIMESTAMP, 1, false, false, '', '2024-07-06 09:14:33', 999),
    ('8288756f-4355-4f6e-9903-ce95cfc06ddb', 20, 'PK4', 'IId - terampil', '', '', CURRENT_TIMESTAMP, 1, false, false, '', '2024-07-06 09:14:33', 999),
    ('8288756f-5355-4f6e-9903-ce95cfc06ddb', 50, 'PK5', 'IIIa - mahir', '', '', CURRENT_TIMESTAMP, 1, false, false, '', '2024-07-06 09:14:33', 999),
    ('8288756f-6355-4f6e-9903-ce95cfc06ddb', 50, 'PK6', 'IIIb - mahir', '', '', CURRENT_TIMESTAMP, 1, false, false, '', '2024-07-06 09:14:33', 999),
    ('8288756f-7355-4f6e-9903-ce95cfc06ddb', 100, 'PK7', 'IIIc - penyelia', '', '', CURRENT_TIMESTAMP, 1, false, false, '', '2024-07-06 09:14:33', 999),
    ('8288756f-8355-4f6e-9903-ce95cfc06ddb', 100, 'PK8', 'IIId - penyelia', '', '', CURRENT_TIMESTAMP, 1, false, false, '', '2024-07-06 09:14:33', 999),
    ('8288756f-9355-4f6e-9903-ce95cfc06ddb', 50, 'PK5', 'IIIa - pertama', '', '', CURRENT_TIMESTAMP, 1, false, false, '', '2024-07-06 09:14:33', 999),
    ('8288756f-7155-4f6e-9903-ce95cfc06ddb', 50, 'PK6', 'IIIb - pertama', '', '', CURRENT_TIMESTAMP, 1, false, false, '', '2024-07-06 09:14:33', 999),
    ('8288756f-7255-4f6e-9903-ce95cfc06ddb', 100, 'PK7', 'IIIc - muda', '', '', CURRENT_TIMESTAMP, 1, false, false, '', '2024-07-06 09:14:33', 999),
    ('8288756f-7315-4f6e-9903-ce95cfc06ddb', 100, 'PK8', 'IIId - muda', '', '', CURRENT_TIMESTAMP, 1, false, false, '', '2024-07-06 09:14:33', 999),
    ('8288756f-7455-4f6e-9903-ce95cfc06ddb', 150, 'PK9', 'IVa - madya', '', '', CURRENT_TIMESTAMP, 1, false, false, '', '2024-07-06 09:14:33', 999),
    ('8288756f-7555-4f6e-9903-ce95cfc06ddb', 150, 'PK10', 'IVb - madya', '', '', CURRENT_TIMESTAMP, 1, false, false, '', '2024-07-06 09:14:33', 999),
    ('8288756f-7655-4f6e-9903-ce95cfc06ddb', 150, 'PK11', 'IVc - madya', '', '', CURRENT_TIMESTAMP, 1, false, false, '', '2024-07-06 09:14:33', 999),
    ('8288756f-7755-4f6e-9903-ce95cfc06ddb', 200, 'PK12', 'IVd - utama', '', '', CURRENT_TIMESTAMP, 1, false, false, '', '2024-07-06 09:14:33', 999);

INSERT INTO mnt_angka_kredit_jenjang
(id, angka_kredit, jenjang_code, name, description, updated_by, last_updated, version, delete_flag, inactive_flag, created_by, date_created, idx) VALUES
    ('8288756f-1355-4f6e-9903-ce95cfc06ddb', 15, 'JJ1', 'IIa - pemula', '', '', CURRENT_TIMESTAMP, 1, false, false, '', '2024-07-06 09:14:33', 999),
    ('8288756f-4355-4f6e-9903-ce95cfc06ddb', 60, 'JJ2', 'IId - terampil', '', '', CURRENT_TIMESTAMP, 1, false, false, '', '2024-07-06 09:14:33', 999),
    ('8288756f-6355-4f6e-9903-ce95cfc06ddb', 100, 'JJ3', 'IIIb - mahir', '', '', CURRENT_TIMESTAMP, 1, false, false, '', '2024-07-06 09:14:33', 999),
    ('8288756f-8355-4f6e-9903-ce95cfc06ddb', 0, 'JJ4', 'IIId - penyelia', '', '', CURRENT_TIMESTAMP, 1, false, false, '', '2024-07-06 09:14:33', 999),
    ('8288756f-7155-4f6e-9903-ce95cfc06ddb', 100, 'JJ5', 'IIIb - pertama', '', '', CURRENT_TIMESTAMP, 1, false, false, '', '2024-07-06 09:14:33', 999),
    ('8288756f-7315-4f6e-9903-ce95cfc06ddb', 150, 'JJ6', 'IIId - muda', '', '', CURRENT_TIMESTAMP, 1, false, false, '', '2024-07-06 09:14:33', 999),
    ('8288756f-7655-4f6e-9903-ce95cfc06ddb', 200, 'JJ7', 'IVc - madya', '', '', CURRENT_TIMESTAMP, 1, false, false, '', '2024-07-06 09:14:33', 999),
    ('8288756f-7755-4f6e-9903-ce95cfc06ddb', 0, 'JJ8', 'IVd - utama', '', '', CURRENT_TIMESTAMP, 1, false, false, '', '2024-07-06 09:14:33', 999);

INSERT INTO mnt_angka_kredit_koefisien
(id, koefisien_tahunan, pangkat_code, jenjang_code, name, description, updated_by, last_updated, version, delete_flag, inactive_flag, created_by, date_created, idx) VALUES
    ('8288756f-1355-4f6e-9903-ce95cfc06ddb', 3.75,  'PK1', 'JJ1', 'IIa - pemula', '', '', CURRENT_TIMESTAMP, 1, false, false, '', '2024-07-06 09:14:33', 999),
    ('8288756f-2355-4f6e-9903-ce95cfc06ddb', 5, 'PK2', 'JJ2', 'IIb - terampil', '', '', CURRENT_TIMESTAMP, 1, false, false, '', '2024-07-06 09:14:33', 999),
    ('8288756f-3355-4f6e-9903-ce95cfc06ddb', 5, 'PK3', 'JJ2', 'IIc - terampil', '', '', CURRENT_TIMESTAMP, 1, false, false, '', '2024-07-06 09:14:33', 999),
    ('8288756f-4355-4f6e-9903-ce95cfc06ddb', 5, 'PK4', 'JJ2', 'IId - terampil', '', '', CURRENT_TIMESTAMP, 1, false, false, '', '2024-07-06 09:14:33', 999),
    ('8288756f-5355-4f6e-9903-ce95cfc06ddb', 12.5, 'PK5', 'JJ3', 'IIIa - mahir', '', '', CURRENT_TIMESTAMP, 1, false, false, '', '2024-07-06 09:14:33', 999),
    ('8288756f-6355-4f6e-9903-ce95cfc06ddb', 12.5, 'PK6', 'JJ3', 'IIIb - mahir', '', '', CURRENT_TIMESTAMP, 1, false, false, '', '2024-07-06 09:14:33', 999),
    ('8288756f-7355-4f6e-9903-ce95cfc06ddb', 25, 'PK7', 'JJ4', 'IIIc - penyelia', '', '', CURRENT_TIMESTAMP, 1, false, false, '', '2024-07-06 09:14:33', 999),
    ('8288756f-8355-4f6e-9903-ce95cfc06ddb', 25, 'PK8', 'JJ4', 'IIId - penyelia', '', '', CURRENT_TIMESTAMP, 1, false, false, '', '2024-07-06 09:14:33', 999),
    ('8288756f-9355-4f6e-9903-ce95cfc06ddb', 12.5, 'PK5', 'JJ5', 'IIIa - pertama', '', '', CURRENT_TIMESTAMP, 1, false, false, '', '2024-07-06 09:14:33', 999),
    ('8288756f-7155-4f6e-9903-ce95cfc06ddb', 12.5, 'PK6', 'JJ5', 'IIIb - pertama', '', '', CURRENT_TIMESTAMP, 1, false, false, '', '2024-07-06 09:14:33', 999),
    ('8288756f-7255-4f6e-9903-ce95cfc06ddb', 25, 'PK7', 'JJ6', 'IIIc - muda', '', '', CURRENT_TIMESTAMP, 1, false, false, '', '2024-07-06 09:14:33', 999),
    ('8288756f-7315-4f6e-9903-ce95cfc06ddb', 25, 'PK8', 'JJ6', 'IIId - muda', '', '', CURRENT_TIMESTAMP, 1, false, false, '', '2024-07-06 09:14:33', 999),
    ('8288756f-7455-4f6e-9903-ce95cfc06ddb', 37.5, 'PK9', 'JJ7', 'IVa - madya', '', '', CURRENT_TIMESTAMP, 1, false, false, '', '2024-07-06 09:14:33', 999),
    ('8288756f-7555-4f6e-9903-ce95cfc06ddb', 37.5, 'PK10', 'JJ7', 'IVb - madya', '', '', CURRENT_TIMESTAMP, 1, false, false, '', '2024-07-06 09:14:33', 999),
    ('8288756f-7655-4f6e-9903-ce95cfc06ddb', 37.5, 'PK11', 'JJ7', 'IVc - madya', '', '', CURRENT_TIMESTAMP, 1, false, false, '', '2024-07-06 09:14:33', 999),
    ('8288756f-7755-4f6e-9903-ce95cfc06ddb', 50, 'PK12', 'JJ8', 'IVd - utama', '', '', CURRENT_TIMESTAMP, 1, false, false, '', '2024-07-06 09:14:33', 999);

INSERT INTO mnt_kategori_sertifikasi
(id, name, value, created_by, date_created, idx) VALUES
    ('8288756f-1355-4f6e-9903-ce95cfc06ddb', 'Pegawai Berhak', 1, '', '2024-07-06 09:14:34', 1),
    ('8288756f-2355-4f6e-9903-ce95cfc06ddb', 'Penyidik Pegawai Negeri Sipil (PPNS)', 2, '', '2024-07-06 09:14:34', 2);

INSERT INTO mnt_kategori_pengembangan
(id, name, value, created_by, date_created, idx) VALUES
    ('8288756f-1355-4f6e-9903-ce95cfc06ddb', 'Pelatihan Fungsional', 1, '', '2024-07-06 09:14:34', 1),
    ('8288756f-2355-4f6e-9903-ce95cfc06ddb', 'Pelatihan Teknis', 2, '', '2024-07-06 09:14:34', 2),
    ('8288756f-3355-4f6e-9903-ce95cfc06ddb', 'Coaching/Mentoring', 3, '', '2024-07-06 09:14:34', 3),
    ('8288756f-4355-4f6e-9903-ce95cfc06ddb', 'Penugasan', 4, '', '2024-07-06 09:14:34', 4);

INSERT INTO mnt_predikat_kinerja
(id, name, value, created_by, date_created, idx) VALUES
    ('8288756f-1355-4f6e-9903-ce95cfc06ddb', 'Sangat Baik', 5, '', '2024-07-06 09:14:34', 1),
    ('8288756f-2355-4f6e-9903-ce95cfc06ddb', 'Baik', 4, '', '2024-07-06 09:14:34', 2),
    ('8288756f-3355-4f6e-9903-ce95cfc06ddb', 'Butuh Perbaikan', 3, '', '2024-07-06 09:14:34', 3),
    ('8288756f-4355-4f6e-9903-ce95cfc06ddb', 'Kurang', 2, '', '2024-07-06 09:14:34', 4),
    ('8288756f-5355-4f6e-9903-ce95cfc06ddb', 'Sangat Kurang', 1, '', '2024-07-06 09:14:34', 5);

INSERT INTO mnt_rating_kinerja
(id, name, value, created_by, date_created, idx) VALUES
    ('8288756f-1355-4f6e-9903-ce95cfc06ddb', 'Di Atas Ekspektasi', 5, '', '2024-07-06 09:14:34', 1),
    ('8288756f-2355-4f6e-9903-ce95cfc06ddb', 'Sesuai Ekspektasi', 3, '', '2024-07-06 09:14:34', 2),
    ('8288756f-3355-4f6e-9903-ce95cfc06ddb', 'Di Bawah Ekspektasi', 1, '', '2024-07-06 09:14:34', 3);

INSERT INTO mnt_instansi
(id, instansi_type_code, name, description, updated_by, last_updated, version, delete_flag, inactive_flag, created_by, date_created, idx) VALUES
    ('a188756f-1355-4f6e-9903-ce95cfc06ddb', 'IT2', 'Kementerian Koordinator Bidang Politik, Hukum, dan Keamanan', '', '', CURRENT_TIMESTAMP, 1, false, false, '', '2024-07-06 09:14:34', 999),
    ('a288756f-1355-4f6e-9903-ce95cfc06ddb', 'IT2', 'Kementerian Koordinator Bidang Perekonomian', '', '', CURRENT_TIMESTAMP, 1, false, false, '', '2024-07-06 09:14:34', 999),
    ('a388756f-1355-4f6e-9903-ce95cfc06ddb', 'IT2', 'Kementerian Koordinator Bidang Pembangunan Manusia dan Kebudayaan', '', '', CURRENT_TIMESTAMP, 1, false, false, '', '2024-07-06 09:14:34', 999),
    ('a488756f-1355-4f6e-9903-ce95cfc06ddb', 'IT2', 'Kementerian Koordinator Bidang Kemaritiman dan Investasi', '', '', CURRENT_TIMESTAMP, 1, false, false, '', '2024-07-06 09:14:34', 999),
    ('a588756f-1355-4f6e-9903-ce95cfc06ddb', 'IT2', 'Kementerian Luar Negeri', '', '', CURRENT_TIMESTAMP, 1, false, false, '', '2024-07-06 09:14:34', 999),
    ('a688756f-1355-4f6e-9903-ce95cfc06ddb', 'IT2', 'Kementerian Kesehatan', '', '', CURRENT_TIMESTAMP, 1, false, false, '', '2024-07-06 09:14:34', 999),
    ('a788756f-1355-4f6e-9903-ce95cfc06ddb', 'IT2', 'Kementerian Perindustrian', '', '', CURRENT_TIMESTAMP, 1, false, false, '', '2024-07-06 09:14:34', 999),
    ('a888756f-1355-4f6e-9903-ce95cfc06ddb', 'IT2', 'Kementerian Energi dan Sumber Daya Mineral', '', '', CURRENT_TIMESTAMP, 1, false, false, '', '2024-07-06 09:14:34', 999),
    ('a988756f-1355-4f6e-9903-ce95cfc06ddb', 'IT2', 'Kementerian Pekerjaan Umum dan Perumahan Rakyat', '', '', CURRENT_TIMESTAMP, 1, false, false, '', '2024-07-06 09:14:34', 999),
    ('b188756f-1355-4f6e-9903-ce95cfc06ddb', 'IT2', 'Kementerian Perhubungan', '', '', CURRENT_TIMESTAMP, 1, false, false, '', '2024-07-06 09:14:34', 999),
    ('b288756f-1355-4f6e-9903-ce95cfc06ddb', 'IT2', 'Kementerian Komunikasi dan Informatika', '', '', CURRENT_TIMESTAMP, 1, false, false, '', '2024-07-06 09:14:34', 999),
    ('b388756f-1355-4f6e-9903-ce95cfc06ddb', 'IT2', 'Kementerian Pertanian', '', '', CURRENT_TIMESTAMP, 1, false, false, '', '2024-07-06 09:14:34', 999),
    ('b488756f-1355-4f6e-9903-ce95cfc06ddb', 'IT2', 'Kementerian Lingkungan Hidup dan Kehutanan', '', '', CURRENT_TIMESTAMP, 1, false, false, '', '2024-07-06 09:14:34', 999),
    ('b588756f-1355-4f6e-9903-ce95cfc06ddb', 'IT2', 'Kementerian Kelautan dan Perikanan', '', '', CURRENT_TIMESTAMP, 1, false, false, '', '2024-07-06 09:14:34', 999),
    ('b688756f-1355-4f6e-9903-ce95cfc06ddb', 'IT2', 'Kementerian Koperasi dan Usaha Kecil dan Menengah', '', '', CURRENT_TIMESTAMP, 1, false, false, '', '2024-07-06 09:14:34', 999),
    ('b788756f-1355-4f6e-9903-ce95cfc06ddb', 'IT2', 'Kementerian Pariwisata dan Ekonomi Kreatif / Badan Pariwisata dan Ekonomi Kreatif', '', '', CURRENT_TIMESTAMP, 1, false, false, '', '2024-07-06 09:14:34', 999),
    ('b888756f-1355-4f6e-9903-ce95cfc06ddb', 'IT2', 'Kementerian Riset dan Teknologi / Badan Riset dan Inovasi Nasional', '', '', CURRENT_TIMESTAMP, 1, false, false, '', '2024-07-06 09:14:34', 999),
    ('b988756f-1355-4f6e-9903-ce95cfc06ddb', 'IT2', 'Badan Pariwisata dan Ekonomi Kreatif', '', '', CURRENT_TIMESTAMP, 1, false, false, '', '2024-07-06 09:14:34', 999),
    ('c188756f-1355-4f6e-9903-ce95cfc06ddb', 'IT2', 'Badan Koordinasi Penanaman Modal (BKPM)', '', '', CURRENT_TIMESTAMP, 1, false, false, '', '2024-07-06 09:14:34', 999),
    ('c288756f-1355-4f6e-9903-ce95cfc06ddb', 'IT2', 'Badan Narkotika Nasional (BNN)', '', '', CURRENT_TIMESTAMP, 1, false, false, '', '2024-07-06 09:14:34', 999),
    ('c388756f-1355-4f6e-9903-ce95cfc06ddb', 'IT2', 'Badan Pengawas Tenaga Nuklir (BAPETEN)', '', '', CURRENT_TIMESTAMP, 1, false, false, '', '2024-07-06 09:14:34', 999),
    ('c488756f-1355-4f6e-9903-ce95cfc06ddb', 'IT2', 'Badan Pengawasan Obat dan Makanan (BPOM)', '', '', CURRENT_TIMESTAMP, 1, false, false, '', '2024-07-06 09:14:34', 999),
    ('c588756f-1355-4f6e-9903-ce95cfc06ddb', 'IT2', 'Badan Standardisasi Nasional (BSN)', '', '', CURRENT_TIMESTAMP, 1, false, false, '', '2024-07-06 09:14:34', 999),
    ('c688756f-1355-4f6e-9903-ce95cfc06ddb', 'IT2', 'Badan Riset dan Inovasi Nasional (BRIN)', '', '', CURRENT_TIMESTAMP, 1, false, false, '', '2024-07-06 09:14:34', 999),
    ('c788756f-1355-4f6e-9903-ce95cfc06ddb', 'IT1', 'Pusat Pembinaan Jabatan Fungsional Perdagangan', '', '', CURRENT_TIMESTAMP, 1, false, false, '', '2024-07-06 09:14:34', 999),
    ('c888756f-1355-4f6e-9903-ce95cfc06ddb', 'IT1', 'Sekretariat Direktorat Jenderal Perdagangan Dalam Negeri', '', '', CURRENT_TIMESTAMP, 1, false, false, '', '2024-07-06 09:14:34', 999),
    ('c988756f-1355-4f6e-9903-ce95cfc06ddb', 'IT1', 'Sekretariat Direktorat Jenderal Perdagangan Perlindungan Konsumen dan Tertib Niaga', '', '', CURRENT_TIMESTAMP, 1, false, false, '', '2024-07-06 09:14:34', 999),
    ('d188756f-1355-4f6e-9903-ce95cfc06ddb', 'IT1', 'Sekretariat Direktorat Jenderal Perdagangan Luar Negeri', '', '', CURRENT_TIMESTAMP, 1, false, false, '', '2024-07-06 09:14:34', 999),
    ('d288756f-1355-4f6e-9903-ce95cfc06ddb', 'IT1', 'Sekretariat Direktorat Jenderal Perundingan Perdagangan Internasional', '', '', CURRENT_TIMESTAMP, 1, false, false, '', '2024-07-06 09:14:34', 999),
    ('d388756f-1355-4f6e-9903-ce95cfc06ddb', 'IT1', 'Sekretariat Direktorat Jenderal Pengembangan Ekspor Nasional', '', '', CURRENT_TIMESTAMP, 1, false, false, '', '2024-07-06 09:14:34', 999),
    ('d488756f-1355-4f6e-9903-ce95cfc06ddb', 'IT1', 'Sekretariat Badan Kebijakan Perdagangan', '', '', CURRENT_TIMESTAMP, 1, false, false, '', '2024-07-06 09:14:34', 999),
    ('d588756f-1355-4f6e-9903-ce95cfc06ddb', 'IT1', 'Sekretariat Badan Pengawas Perdagangan Berjangka Komoditi', '', '', CURRENT_TIMESTAMP, 1, false, false, '', '2024-07-06 09:14:34', 999);

INSERT INTO mnt_jabatan_jenjang
(id, jabatan_code, jenjang_code, name, description, updated_by, last_updated, version, delete_flag, inactive_flag, created_by, date_created, idx) VALUES
    ('9d1ef752-0ab0-425a-97b8-b1e0b1f7b004', 'JB11', 'JJ2', '', '', '', CURRENT_TIMESTAMP, 1, false, false, '', '2024-07-06 09:14:33', 999),
    ('9d1ef752-1ab0-425a-97b8-b1e0b1f7b004', 'JB11', 'JJ3', '', '', '', CURRENT_TIMESTAMP, 1, false, false, '', '2024-07-06 09:14:33', 999),
    ('9d1ef752-2ab0-425a-97b8-b1e0b1f7b004', 'JB11', 'JJ4', '', '', '', CURRENT_TIMESTAMP, 1, false, false, '', '2024-07-06 09:14:33', 999),
    ('9d1ef752-3ab0-425a-97b8-b1e0b1f7b004', 'JB11', 'JJ5', '', '', '', CURRENT_TIMESTAMP, 1, false, false, '', '2024-07-06 09:14:33', 999),
    ('9d1ef752-4ab0-425a-97b8-b1e0b1f7b004', 'JB11', 'JJ6', '', '', '', CURRENT_TIMESTAMP, 1, false, false, '', '2024-07-06 09:14:33', 999),
    ('9d1ef752-5ab0-425a-97b8-b1e0b1f7b004', 'JB11', 'JJ7', '', '', '', CURRENT_TIMESTAMP, 1, false, false, '', '2024-07-06 09:14:33', 999),
    ('9d1ef752-6ab0-425a-97b8-b1e0b1f7b004', 'JB10', 'JJ1', '', '', '', CURRENT_TIMESTAMP, 1, false, false, '', '2024-07-06 09:14:33', 999),
    ('9d1ef752-7ab0-425a-97b8-b1e0b1f7b004', 'JB10', 'JJ2', '', '', '', CURRENT_TIMESTAMP, 1, false, false, '', '2024-07-06 09:14:33', 999),
    ('9d1ef752-8ab0-425a-97b8-b1e0b1f7b004', 'JB10', 'JJ3', '', '', '', CURRENT_TIMESTAMP, 1, false, false, '', '2024-07-06 09:14:33', 999),
    ('9d1ef752-9ab0-425a-97b8-b1e0b1f7b004', 'JB10', 'JJ4', '', '', '', CURRENT_TIMESTAMP, 1, false, false, '', '2024-07-06 09:14:33', 999),
    ('9d1ef752-0bb0-425a-97b8-b1e0b1f7b004', 'JB9', 'JJ5', '', '', '', CURRENT_TIMESTAMP, 1, false, false, '', '2024-07-06 09:14:33', 999),
    ('9d1ef752-1bb0-425a-97b8-b1e0b1f7b004', 'JB9', 'JJ6', '', '', '', CURRENT_TIMESTAMP, 1, false, false, '', '2024-07-06 09:14:33', 999),
    ('9d1ef752-2bb0-425a-97b8-b1e0b1f7b004', 'JB9', 'JJ7', '', '', '', CURRENT_TIMESTAMP, 1, false, false, '', '2024-07-06 09:14:33', 999),
    ('9d1ef752-3bb0-425a-97b8-b1e0b1f7b004', 'JB8', 'JJ5', '', '', '', CURRENT_TIMESTAMP, 1, false, false, '', '2024-07-06 09:14:33', 999),
    ('9d1ef752-4bb0-425a-97b8-b1e0b1f7b004', 'JB8', 'JJ6', '', '', '', CURRENT_TIMESTAMP, 1, false, false, '', '2024-07-06 09:14:33', 999),
    ('9d1ef752-5bb0-425a-97b8-b1e0b1f7b004', 'JB8', 'JJ7', '', '', '', CURRENT_TIMESTAMP, 1, false, false, '', '2024-07-06 09:14:33', 999),
    ('9d1ef752-6bb0-425a-97b8-b1e0b1f7b004', 'JB7', 'JJ1', '', '', '', CURRENT_TIMESTAMP, 1, false, false, '', '2024-07-06 09:14:33', 999),
    ('9d1ef752-7bb0-425a-97b8-b1e0b1f7b004', 'JB7', 'JJ2', '', '', '', CURRENT_TIMESTAMP, 1, false, false, '', '2024-07-06 09:14:33', 999),
    ('9d1ef752-8bb0-425a-97b8-b1e0b1f7b004', 'JB7', 'JJ3', '', '', '', CURRENT_TIMESTAMP, 1, false, false, '', '2024-07-06 09:14:33', 999),
    ('9d1ef752-9bb0-425a-97b8-b1e0b1f7b004', 'JB7', 'JJ4', '', '', '', CURRENT_TIMESTAMP, 1, false, false, '', '2024-07-06 09:14:33', 999),
    ('9d1ef752-0cb0-425a-97b8-b1e0b1f7b004', 'JB7', 'JJ5', '', '', '', CURRENT_TIMESTAMP, 1, false, false, '', '2024-07-06 09:14:33', 999),
    ('9d1ef752-1cb0-425a-97b8-b1e0b1f7b004', 'JB7', 'JJ6', '', '', '', CURRENT_TIMESTAMP, 1, false, false, '', '2024-07-06 09:14:33', 999),
    ('9d1ef752-2cb0-425a-97b8-b1e0b1f7b004', 'JB7', 'JJ7', '', '', '', CURRENT_TIMESTAMP, 1, false, false, '', '2024-07-06 09:14:33', 999),
    ('9d1ef752-3cb0-425a-97b8-b1e0b1f7b004', 'JB6', 'JJ5', '', '', '', CURRENT_TIMESTAMP, 1, false, false, '', '2024-07-06 09:14:33', 999),
    ('9d1ef752-4cb0-425a-97b8-b1e0b1f7b004', 'JB6', 'JJ6', '', '', '', CURRENT_TIMESTAMP, 1, false, false, '', '2024-07-06 09:14:33', 999),
    ('9d1ef752-5cb0-425a-97b8-b1e0b1f7b004', 'JB6', 'JJ7', '', '', '', CURRENT_TIMESTAMP, 1, false, false, '', '2024-07-06 09:14:33', 999),
    ('9d1ef752-6cb0-425a-97b8-b1e0b1f7b004', 'JB6', 'JJ8', '', '', '', CURRENT_TIMESTAMP, 1, false, false, '', '2024-07-06 09:14:33', 999),
    ('9d1ef752-7cb0-425a-97b8-b1e0b1f7b004', 'JB5', 'JJ5', '', '', '', CURRENT_TIMESTAMP, 1, false, false, '', '2024-07-06 09:14:33', 999),
    ('9d1ef752-8cb0-425a-97b8-b1e0b1f7b004', 'JB5', 'JJ6', '', '', '', CURRENT_TIMESTAMP, 1, false, false, '', '2024-07-06 09:14:33', 999),
    ('9d1ef752-9cb0-425a-97b8-b1e0b1f7b004', 'JB5', 'JJ7', '', '', '', CURRENT_TIMESTAMP, 1, false, false, '', '2024-07-06 09:14:33', 999),
    ('9d1ef752-0db0-425a-97b8-b1e0b1f7b004', 'JB5', 'JJ8', '', '', '', CURRENT_TIMESTAMP, 1, false, false, '', '2024-07-06 09:14:33', 999),
    ('9d1ef752-1db0-425a-97b8-b1e0b1f7b004', 'JB4', 'JJ5', '', '', '', CURRENT_TIMESTAMP, 1, false, false, '', '2024-07-06 09:14:33', 999),
    ('9d1ef752-2db0-425a-97b8-b1e0b1f7b004', 'JB4', 'JJ6', '', '', '', CURRENT_TIMESTAMP, 1, false, false, '', '2024-07-06 09:14:33', 999),
    ('9d1ef752-3db0-425a-97b8-b1e0b1f7b004', 'JB4', 'JJ7', '', '', '', CURRENT_TIMESTAMP, 1, false, false, '', '2024-07-06 09:14:33', 999),
    ('9d1ef752-4db0-425a-97b8-b1e0b1f7b004', 'JB3', 'JJ5', '', '', '', CURRENT_TIMESTAMP, 1, false, false, '', '2024-07-06 09:14:33', 999),
    ('9d1ef752-5db0-425a-97b8-b1e0b1f7b004', 'JB3', 'JJ6', '', '', '', CURRENT_TIMESTAMP, 1, false, false, '', '2024-07-06 09:14:33', 999),
    ('9d1ef752-6db0-425a-97b8-b1e0b1f7b004', 'JB3', 'JJ7', '', '', '', CURRENT_TIMESTAMP, 1, false, false, '', '2024-07-06 09:14:33', 999),
    ('9d1ef752-7db0-425a-97b8-b1e0b1f7b004', 'JB3', 'JJ8', '', '', '', CURRENT_TIMESTAMP, 1, false, false, '', '2024-07-06 09:14:33', 999),
    ('9d1ef752-8db0-425a-97b8-b1e0b1f7b004', 'JB2', 'JJ5', '', '', '', CURRENT_TIMESTAMP, 1, false, false, '', '2024-07-06 09:14:33', 999),
    ('9d1ef752-9db0-425a-97b8-b1e0b1f7b004', 'JB2', 'JJ6', '', '', '', CURRENT_TIMESTAMP, 1, false, false, '', '2024-07-06 09:14:33', 999),
    ('9d1ef752-0eb0-425a-97b8-b1e0b1f7b004', 'JB2', 'JJ7', '', '', '', CURRENT_TIMESTAMP, 1, false, false, '', '2024-07-06 09:14:33', 999),
    ('9d1ef752-2eb0-425a-97b8-b1e0b1f7b004', 'JB2', 'JJ8', '', '', '', CURRENT_TIMESTAMP, 1, false, false, '', '2024-07-06 09:14:33', 999),
    ('9d1ef752-3eb0-425a-97b8-b1e0b1f7b004', 'JB1', 'JJ5', '', '', '', CURRENT_TIMESTAMP, 1, false, false, '', '2024-07-06 09:14:33', 999),
    ('9d1ef752-4eb0-425a-97b8-b1e0b1f7b004', 'JB1', 'JJ6', '', '', '', CURRENT_TIMESTAMP, 1, false, false, '', '2024-07-06 09:14:33', 999),
    ('9d1ef752-5eb0-425a-97b8-b1e0b1f7b004', 'JB1', 'JJ7', '', '', '', CURRENT_TIMESTAMP, 1, false, false, '', '2024-07-06 09:14:33', 999),
    ('9d1ef752-6eb0-425a-97b8-b1e0b1f7b004', 'JB1', 'JJ8', '', '', '', CURRENT_TIMESTAMP, 1, false, false, '', '2024-07-06 09:14:33', 999);

INSERT INTO mnt_pendidikan_pangkat
(id, pendidikan_code, pangkat_code, updated_by, last_updated, version, delete_flag, inactive_flag, created_by, date_created, idx) VALUES
    ('9d1ef752-0ab0-425a-97b8-b1e0b1f7b004', 'PD1', 'PK1', '', CURRENT_TIMESTAMP, 1, false, false, '', '2024-07-06 09:14:34', 999),
    ('9d1ef752-1ab0-425a-97b8-b1e0b1f7b004', 'PD1', 'PK2', '', CURRENT_TIMESTAMP, 1, false, false, '', '2024-07-06 09:14:34', 999),
    ('9d1ef752-2ab0-425a-97b8-b1e0b1f7b004', 'PD1', 'PK3', '', CURRENT_TIMESTAMP, 1, false, false, '', '2024-07-06 09:14:34', 999),
    ('9d1ef752-3ab0-425a-97b8-b1e0b1f7b004', 'PD1', 'PK4', '', CURRENT_TIMESTAMP, 1, false, false, '', '2024-07-06 09:14:34', 999),
    ('9d1ef752-4ab0-425a-97b8-b1e0b1f7b004', 'PD1', 'PK5', '', CURRENT_TIMESTAMP, 1, false, false, '', '2024-07-06 09:14:34', 999),
    ('9d1ef752-5ab0-425a-97b8-b1e0b1f7b004', 'PD1', 'PK6', '', CURRENT_TIMESTAMP, 1, false, false, '', '2024-07-06 09:14:34', 999),
    ('9d1ef752-6ab0-425a-97b8-b1e0b1f7b004', 'PD2', 'PK3', '', CURRENT_TIMESTAMP, 1, false, false, '', '2024-07-06 09:14:34', 999),
    ('9d1ef752-7ab0-425a-97b8-b1e0b1f7b004', 'PD2', 'PK4', '', CURRENT_TIMESTAMP, 1, false, false, '', '2024-07-06 09:14:34', 999),
    ('9d1ef752-8ab0-425a-97b8-b1e0b1f7b004', 'PD2', 'PK5', '', CURRENT_TIMESTAMP, 1, false, false, '', '2024-07-06 09:14:34', 999),
    ('9d1ef752-9ab0-425a-97b8-b1e0b1f7b004', 'PD2', 'PK6', '', CURRENT_TIMESTAMP, 1, false, false, '', '2024-07-06 09:14:34', 999),
    ('9d1ef752-0bb0-425a-97b8-b1e0b1f7b004', 'PD2', 'PK7', '', CURRENT_TIMESTAMP, 1, false, false, '', '2024-07-06 09:14:34', 999),
    ('9d1ef752-1bb0-425a-97b8-b1e0b1f7b004', 'PD3', 'PK5', '', CURRENT_TIMESTAMP, 1, false, false, '', '2024-07-06 09:14:34', 999),
    ('9d1ef752-2bb0-425a-97b8-b1e0b1f7b004', 'PD3', 'PK6', '', CURRENT_TIMESTAMP, 1, false, false, '', '2024-07-06 09:14:34', 999),
    ('9d1ef752-3bb0-425a-97b8-b1e0b1f7b004', 'PD3', 'PK7', '', CURRENT_TIMESTAMP, 1, false, false, '', '2024-07-06 09:14:34', 999),
    ('9d1ef752-4bb0-425a-97b8-b1e0b1f7b004', 'PD3', 'PK8', '', CURRENT_TIMESTAMP, 1, false, false, '', '2024-07-06 09:14:34', 999),
    ('9d1ef752-5bb0-425a-97b8-b1e0b1f7b004', 'PD4', 'PK6', '', CURRENT_TIMESTAMP, 1, false, false, '', '2024-07-06 09:14:34', 999),
    ('9d1ef752-6bb0-425a-97b8-b1e0b1f7b004', 'PD4', 'PK7', '', CURRENT_TIMESTAMP, 1, false, false, '', '2024-07-06 09:14:34', 999),
    ('9d1ef752-7bb0-425a-97b8-b1e0b1f7b004', 'PD4', 'PK8', '', CURRENT_TIMESTAMP, 1, false, false, '', '2024-07-06 09:14:34', 999),
    ('9d1ef752-8bb0-425a-97b8-b1e0b1f7b004', 'PD4', 'PK9', '', CURRENT_TIMESTAMP, 1, false, false, '', '2024-07-06 09:14:34', 999),
    ('9d1ef752-9bb0-425a-97b8-b1e0b1f7b004', 'PD5', 'PK7', '', CURRENT_TIMESTAMP, 1, false, false, '', '2024-07-06 09:14:34', 999),
    ('9d1ef752-0cb0-425a-97b8-b1e0b1f7b004', 'PD5', 'PK8', '', CURRENT_TIMESTAMP, 1, false, false, '', '2024-07-06 09:14:34', 999),
    ('9d1ef752-1cb0-425a-97b8-b1e0b1f7b004', 'PD5', 'PK9', '', CURRENT_TIMESTAMP, 1, false, false, '', '2024-07-06 09:14:34', 999),
    ('9d1ef752-2cb0-425a-97b8-b1e0b1f7b004', 'PD5', 'PK10', '', CURRENT_TIMESTAMP, 1, false, false, '', '2024-07-06 09:14:34', 999);

INSERT INTO mnt_wilayah
(code, pengali, name, description, updated_by, last_updated, version, delete_flag, inactive_flag, created_by, date_created, idx) VALUES
    ('WL1', 1, 'Jawa', '', '', CURRENT_TIMESTAMP, 1, false, false, '', '2024-07-06 09:14:34', 1),
    ('WL2', 1, 'Bali', '', '', CURRENT_TIMESTAMP, 1, false, false, '', '2024-07-06 09:14:34', 2),
    ('WL3', 1.1, 'Sumatera', '', '', CURRENT_TIMESTAMP, 1, false, false, '', '2024-07-06 09:14:34', 3),
    ('WL4', 1.1, 'Sulawesi', '', '', CURRENT_TIMESTAMP, 1, false, false, '', '2024-07-06 09:14:34', 4),
    ('WL5', 1.1, 'Kalimantan', '', '', CURRENT_TIMESTAMP, 1, false, false, '', '2024-07-06 09:14:34', 5),
    ('WL6', 1.4, 'Papua', '', '', CURRENT_TIMESTAMP, 1, false, false, '', '2024-07-06 09:14:34', 6),
    ('WL7', 1.4, 'Kepulauan', '', '', CURRENT_TIMESTAMP, 1, false, false, '', '2024-07-06 09:14:34', 7),
    ('WL8', 1.4, 'Daerah Perbatasan', '', '', CURRENT_TIMESTAMP, 1, false, false, '', '2024-07-06 09:14:34', 8),
    ('WL9', 1.5, 'Pulau Terluar', '', '', CURRENT_TIMESTAMP, 1, false, false, '', '2024-07-06 09:14:34', 9);

INSERT INTO mnt_provinsi (latitude,longitude,wilayah_code,"name",description,updated_by,last_updated,"version",delete_flag,inactive_flag,created_by,date_created,idx) VALUES
	 (4.36855,97.0253,'WL3','ACEH','','','2024-10-22 09:25:23',1,false,false,'','2024-07-10 03:20:42',999),
	 (2.19235,99.38122,'WL3','SUMATERA UTARA','','','2024-10-22 09:25:23',1,false,false,'','2024-07-10 03:20:42',999),
	 (-1.34225,100.0761,'WL3','SUMATERA BARAT','','','2024-10-22 09:25:23',1,false,false,'','2024-07-10 03:20:42',999),
	 (0.50041,101.54758,'WL3','RIAU','','','2024-10-22 09:25:23',1,false,false,'','2024-07-10 03:20:42',999),
	 (-1.61157,102.7797,'WL3','JAMBI','','','2024-10-22 09:25:23',1,false,false,'','2024-07-10 03:20:42',999),
	 (-3.12668,104.09306,'WL3','SUMATERA SELATAN','','','2024-10-22 09:25:23',1,false,false,'','2024-07-10 03:20:42',999),
	 (-3.51868,102.53598,'WL3','BENGKULU','','','2024-10-22 09:25:23',1,false,false,'','2024-07-10 03:20:42',999),
	 (-4.8555,105.0273,'WL3','LAMPUNG','','','2024-10-22 09:25:23',1,false,false,'','2024-07-10 03:20:42',999),
	 (-2.75775,107.58394,'WL3','KEPULAUAN BANGKA BELITUNG','','','2024-10-22 09:25:23',1,false,false,'','2024-07-10 03:20:42',999),
	 (-0.15478,104.58037,'WL3','KEPULAUAN RIAU','','','2024-10-22 09:25:23',1,false,false,'','2024-07-10 03:20:42',999),
	 (-6.1745,106.8227,'WL1','DKI JAKARTA','','','2024-10-22 09:25:23',1,false,false,'','2024-07-10 03:20:42',999),
	 (-6.88917,107.64047,'WL1','JAWA BARAT','','','2024-10-22 09:25:23',1,false,false,'','2024-07-10 03:20:42',999),
	 (-7.30324,110.00441,'WL1','JAWA TENGAH','','','2024-10-22 09:25:23',1,false,false,'','2024-07-10 03:20:42',999),
	 (7.7956,110.3695,'WL1','DI YOGYAKARTA','','','2024-10-22 09:25:23',1,false,false,'','2024-07-10 03:20:42',999),
	 (-6.96851,113.98005,'WL1','JAWA TIMUR','','','2024-10-22 09:25:23',1,false,false,'','2024-07-10 03:20:42',999),
	 (-6.44538,106.13756,'WL1','BANTEN','','','2024-10-22 09:25:23',1,false,false,'','2024-07-10 03:20:42',999),
	 (-8.23566,115.12239,'WL2','BALI','','','2024-10-22 09:25:23',1,false,false,'','2024-07-10 03:20:42',999),
	 (-8.12179,117.63696,'WL7','NUSA TENGGARA BARAT','','','2024-10-22 09:25:23',1,false,false,'','2024-07-10 03:20:42',999),
	 (-8.56568,120.69786,'WL7','NUSA TENGGARA TIMUR','','','2024-10-22 09:25:23',1,false,false,'','2024-07-10 03:20:42',999),
	 (-0.13224,111.09689,'WL5','KALIMANTAN BARAT','','','2024-10-22 09:25:23',1,false,false,'','2024-07-10 03:20:42',999),
	 (-1.49958,113.29033,'WL5','KALIMANTAN TENGAH','','','2024-10-22 09:25:23',1,false,false,'','2024-07-10 03:20:42',999),
	 (-2.94348,115.37565,'WL5','KALIMANTAN SELATAN','','','2024-10-22 09:25:23',1,false,false,'','2024-07-10 03:20:42',999),
	 (0.78844,116.242,'WL5','KALIMANTAN TIMUR','','','2024-10-22 09:25:23',1,false,false,'','2024-07-10 03:20:42',999),
	 (2.72594,116.911,'WL5','KALIMANTAN UTARA','','','2024-10-22 09:25:23',1,false,false,'','2024-07-10 03:20:42',999),
	 (0.65557,124.09015,'WL4','SULAWESI UTARA','','','2024-10-22 09:25:23',1,false,false,'','2024-07-10 03:20:42',999),
	 (-1.69378,120.80886,'WL4','SULAWESI TENGAH','','','2024-10-22 09:25:23',1,false,false,'','2024-07-10 03:20:42',999),
	 (-3.64467,119.94719,'WL4','SULAWESI SELATAN','','','2024-10-22 09:25:23',1,false,false,'','2024-07-10 03:20:42',999),
	 (-3.54912,121.72796,'WL4','SULAWESI TENGGARA','','','2024-10-22 09:25:23',1,false,false,'','2024-07-10 03:20:42',999),
	 (0.71862,122.45559,'WL4','GORONTALO','','','2024-10-22 09:25:23',1,false,false,'','2024-07-10 03:20:42',999),
	 (-2.49745,119.3919,'WL4','SULAWESI BARAT','','','2024-10-22 09:25:23',1,false,false,'','2024-07-10 03:20:42',999),
	 (-3.11884,129.42078,'WL7','MALUKU','','','2024-10-22 09:25:23',1,false,false,'','2024-07-10 03:20:42',999),
	 (0.63012,127.97202,'WL7','MALUKU UTARA','','','2024-10-22 09:25:23',1,false,false,'','2024-07-10 03:20:42',999),
	 (-1.38424,132.90253,'WL6','PAPUA BARAT','','','2024-10-22 09:25:23',1,false,false,'','2024-07-10 03:20:42',999),
	 (-3.98857,138.34853,'WL6','PAPUA','','','2024-10-22 09:25:23',1,false,false,'','2024-07-10 03:20:42',999);

INSERT INTO mnt_kabupaten_kota ("type",latitude,longitude,provinsi_id,"name",description,updated_by,last_updated,"version",delete_flag,inactive_flag,created_by,date_created,idx) VALUES
	 ('KABUPATEN',2.61667,96.08333,1,' SIMEULUE','KABUPATEN SIMEULUE','','2024-10-24 03:57:20',1,false,false,'','2024-07-10 03:20:42',999),
	 ('KABUPATEN',2.41667,97.91667,1,' ACEH SINGKIL','KABUPATEN ACEH SINGKIL','','2024-10-24 03:57:20',1,false,false,'','2024-07-10 03:20:42',999),
	 ('KABUPATEN',3.16667,97.41667,1,' ACEH SELATAN','KABUPATEN ACEH SELATAN','','2024-10-24 03:57:20',1,false,false,'','2024-07-10 03:20:42',999),
	 ('KABUPATEN',3.36667,97.7,1,' ACEH TENGGARA','KABUPATEN ACEH TENGGARA','','2024-10-24 03:57:20',1,false,false,'','2024-07-10 03:20:42',999),
	 ('KABUPATEN',4.63333,97.63333,1,' ACEH TIMUR','KABUPATEN ACEH TIMUR','','2024-10-24 03:57:20',1,false,false,'','2024-07-10 03:20:42',999),
	 ('KABUPATEN',4.51,96.855,1,' ACEH TENGAH','KABUPATEN ACEH TENGAH','','2024-10-24 03:57:20',1,false,false,'','2024-07-10 03:20:42',999),
	 ('KABUPATEN',4.45,96.16667,1,' ACEH BARAT','KABUPATEN ACEH BARAT','','2024-10-24 03:57:20',1,false,false,'','2024-07-10 03:20:42',999),
	 ('KABUPATEN',5.38333,95.51667,1,' ACEH BESAR','KABUPATEN ACEH BESAR','','2024-10-24 03:57:20',1,false,false,'','2024-07-10 03:20:42',999),
	 ('KABUPATEN',5.08,96.11,1,' PIDIE','KABUPATEN PIDIE','','2024-10-24 03:57:20',1,false,false,'','2024-07-10 03:20:42',999),
	 ('KABUPATEN',5.08333,96.58333,1,' BIREUEN','KABUPATEN BIREUEN','','2024-10-24 03:57:20',1,false,false,'','2024-07-10 03:20:42',999),
	 ('KABUPATEN',4.97,97.14,1,' ACEH UTARA','KABUPATEN ACEH UTARA','','2024-10-24 03:57:20',1,false,false,'','2024-07-10 03:20:42',999),
	 ('KABUPATEN',3.83333,96.88333,1,' ACEH BARAT DAYA','KABUPATEN ACEH BARAT DAYA','','2024-10-24 03:57:20',1,false,false,'','2024-07-10 03:20:42',999),
	 ('KABUPATEN',3.95,97.39,1,' GAYO LUES','KABUPATEN GAYO LUES','','2024-10-24 03:57:20',1,false,false,'','2024-07-10 03:20:42',999),
	 ('KABUPATEN',4.25,97.96667,1,' ACEH TAMIANG','KABUPATEN ACEH TAMIANG','','2024-10-24 03:57:20',1,false,false,'','2024-07-10 03:20:42',999),
	 ('KABUPATEN',4.16667,96.51667,1,' NAGAN RAYA','KABUPATEN NAGAN RAYA','','2024-10-24 03:57:20',1,false,false,'','2024-07-10 03:20:42',999),
	 ('KABUPATEN',4.86,95.64,1,' ACEH JAYA','KABUPATEN ACEH JAYA','','2024-10-24 03:57:20',1,false,false,'','2024-07-10 03:20:42',999),
	 ('KABUPATEN',4.73015,96.86156,1,' BENER MERIAH','KABUPATEN BENER MERIAH','','2024-10-24 03:57:20',1,false,false,'','2024-07-10 03:20:42',999),
	 ('KABUPATEN',5.15,96.21667,1,' PIDIE JAYA','KABUPATEN PIDIE JAYA','','2024-10-24 03:57:20',1,false,false,'','2024-07-10 03:20:42',999),
	 ('KOTA',5.54167,95.33333,1,' BANDA ACEH','KOTA BANDA ACEH','','2024-10-24 03:57:20',1,false,false,'','2024-07-10 03:20:42',999),
	 ('KOTA',5.82164,95.31086,1,' SABANG','KOTA SABANG','','2024-10-24 03:57:20',1,false,false,'','2024-07-10 03:20:42',999),
	 ('KOTA',4.47,97.93,1,' LANGSA','KOTA LANGSA','','2024-10-24 03:57:20',1,false,false,'','2024-07-10 03:20:42',999),
	 ('KOTA',5.13333,97.06667,1,' LHOKSEUMAWE','KOTA LHOKSEUMAWE','','2024-10-24 03:57:20',1,false,false,'','2024-07-10 03:20:42',999),
	 ('KOTA',2.75,97.93333,1,' SUBULUSSALAM','KOTA SUBULUSSALAM','','2024-10-24 03:57:20',1,false,false,'','2024-07-10 03:20:42',999),
	 ('KABUPATEN',1.03333,97.76667,2,' NIAS','KABUPATEN NIAS','','2024-10-24 03:57:20',1,false,false,'','2024-07-10 03:20:42',999),
	 ('KABUPATEN',0.78378,99.25495,2,' MANDAILING NATAL','KABUPATEN MANDAILING NATAL','','2024-10-24 03:57:20',1,false,false,'','2024-07-10 03:20:42',999),
	 ('KABUPATEN',1.51667,99.25,2,' TAPANULI SELATAN','KABUPATEN TAPANULI SELATAN','','2024-10-24 03:57:20',1,false,false,'','2024-07-10 03:20:42',999),
	 ('KABUPATEN',1.9,98.66667,2,' TAPANULI TENGAH','KABUPATEN TAPANULI TENGAH','','2024-10-24 03:57:20',1,false,false,'','2024-07-10 03:20:42',999),
	 ('KABUPATEN',2.0028,99.0707,2,' TAPANULI UTARA','KABUPATEN TAPANULI UTARA','','2024-10-24 03:57:20',1,false,false,'','2024-07-10 03:20:42',999),
	 ('KABUPATEN',2.39793,99.21678,2,' TOBA SAMOSIR','KABUPATEN TOBA SAMOSIR','','2024-10-24 03:57:20',1,false,false,'','2024-07-10 03:20:42',999),
	 ('KABUPATEN',2.26667,100.1,2,' LABUHAN BATU','KABUPATEN LABUHAN BATU','','2024-10-24 03:57:20',1,false,false,'','2024-07-10 03:20:42',999),
	 ('KABUPATEN',2.78333,99.55,2,' ASAHAN','KABUPATEN ASAHAN','','2024-10-24 03:57:20',1,false,false,'','2024-07-10 03:20:42',999),
	 ('KABUPATEN',2.9,99.0,2,' SIMALUNGUN','KABUPATEN SIMALUNGUN','','2024-10-24 03:57:20',1,false,false,'','2024-07-10 03:20:42',999),
	 ('KABUPATEN',2.86667,98.23333,2,' DAIRI','KABUPATEN DAIRI','','2024-10-24 03:57:20',1,false,false,'','2024-07-10 03:20:42',999),
	 ('KABUPATEN',3.11667,98.3,2,' KARO','KABUPATEN KARO','','2024-10-24 03:57:20',1,false,false,'','2024-07-10 03:20:42',999),
	 ('KABUPATEN',3.41667,98.66667,2,' DELI SERDANG','KABUPATEN DELI SERDANG','','2024-10-24 03:57:20',1,false,false,'','2024-07-10 03:20:42',999),
	 ('KABUPATEN',3.71667,98.21667,2,' LANGKAT','KABUPATEN LANGKAT','','2024-10-24 03:57:20',1,false,false,'','2024-07-10 03:20:42',999),
	 ('KABUPATEN',0.77,97.75,2,' NIAS SELATAN','KABUPATEN NIAS SELATAN','','2024-10-24 03:57:20',1,false,false,'','2024-07-10 03:20:42',999),
	 ('KABUPATEN',2.26551,98.50376,2,' HUMBANG HASUNDUTAN','KABUPATEN HUMBANG HASUNDUTAN','','2024-10-24 03:57:20',1,false,false,'','2024-07-10 03:20:42',999),
	 ('KABUPATEN',2.56667,98.28333,2,' PAKPAK BHARAT','KABUPATEN PAKPAK BHARAT','','2024-10-24 03:57:20',1,false,false,'','2024-07-10 03:20:42',999),
	 ('KABUPATEN',2.64025,98.71525,2,' SAMOSIR','KABUPATEN SAMOSIR','','2024-10-24 03:57:20',1,false,false,'','2024-07-10 03:20:42',999),
	 ('KABUPATEN',3.36667,99.03333,2,' SERDANG BEDAGAI','KABUPATEN SERDANG BEDAGAI','','2024-10-24 03:57:20',1,false,false,'','2024-07-10 03:20:42',999),
	 ('KABUPATEN',3.16166,99.52652,2,' BATU BARA','KABUPATEN BATU BARA','','2024-10-24 03:57:20',1,false,false,'','2024-07-10 03:20:42',999),
	 ('KABUPATEN',1.46011,99.67346,2,' PADANG LAWAS UTARA','KABUPATEN PADANG LAWAS UTARA','','2024-10-24 03:57:20',1,false,false,'','2024-07-10 03:20:42',999),
	 ('KABUPATEN',1.44684,99.99207,2,' PADANG LAWAS','KABUPATEN PADANG LAWAS','','2024-10-24 03:57:20',1,false,false,'','2024-07-10 03:20:42',999),
	 ('KABUPATEN',1.983,100.0976,2,' LABUHAN BATU SELATAN','KABUPATEN LABUHAN BATU SELATAN','','2024-10-24 03:57:20',1,false,false,'','2024-07-10 03:20:42',999),
	 ('KABUPATEN',2.33349,99.63776,2,' LABUHAN BATU UTARA','KABUPATEN LABUHAN BATU UTARA','','2024-10-24 03:57:20',1,false,false,'','2024-07-10 03:20:42',999),
	 ('KABUPATEN',1.33037,97.31964,2,' NIAS UTARA','KABUPATEN NIAS UTARA','','2024-10-24 03:57:20',1,false,false,'','2024-07-10 03:20:42',999),
	 ('KABUPATEN',1.05966,97.58606,2,' NIAS BARAT','KABUPATEN NIAS BARAT','','2024-10-24 03:57:20',1,false,false,'','2024-07-10 03:20:42',999),
	 ('KOTA',1.73333,98.8,2,' SIBOLGA','KOTA SIBOLGA','','2024-10-24 03:57:20',1,false,false,'','2024-07-10 03:20:42',999),
	 ('KOTA',2.95833,99.79167,2,' TANJUNG BALAI','KOTA TANJUNG BALAI','','2024-10-24 03:57:20',1,false,false,'','2024-07-10 03:20:42',999),
	 ('KOTA',2.96667,99.05,2,' PEMATANG SIANTAR','KOTA PEMATANG SIANTAR','','2024-10-24 03:57:20',1,false,false,'','2024-07-10 03:20:42',999),
	 ('KOTA',3.325,99.14167,2,' TEBING TINGGI','KOTA TEBING TINGGI','','2024-10-24 03:57:20',1,false,false,'','2024-07-10 03:20:42',999),
	 ('KOTA',3.65,98.66667,2,' MEDAN','KOTA MEDAN','','2024-10-24 03:57:20',1,false,false,'','2024-07-10 03:20:42',999),
	 ('KOTA',3.8,108.23333,2,' BINJAI','KOTA BINJAI','','2024-10-24 03:57:20',1,false,false,'','2024-07-10 03:20:42',999),
	 ('KOTA',1.37375,99.26843,2,'PADANG SIDEMPUAN','KOTA PADANG SIDEMPUAN','','2024-10-24 03:57:20',1,false,false,'','2024-07-10 03:20:42',999),
	 ('KOTA',1.32731,97.55018,2,' GUNUNGSITOLI','KOTA GUNUNGSITOLI','','2024-10-24 03:57:20',1,false,false,'','2024-07-10 03:20:42',999),
	 ('KABUPATEN',1.98917,99.51889,3,' KEPULAUAN MENTAWAI','KABUPATEN KEPULAUAN MENTAWAI','','2024-10-24 03:57:20',1,false,false,'','2024-07-10 03:20:42',999),
	 ('KABUPATEN',-1.58333,100.85,3,' PESISIR SELATAN','KABUPATEN PESISIR SELATAN','','2024-10-24 03:57:20',1,false,false,'','2024-07-10 03:20:42',999),
	 ('KABUPATEN',-0.96667,100.81667,3,' SOLOK','KABUPATEN SOLOK','','2024-10-24 03:57:20',1,false,false,'','2024-07-10 03:20:42',999),
	 ('KABUPATEN',-1.1827,101.6056,3,' SIJUNJUNG','KABUPATEN SIJUNJUNG','','2024-10-24 03:57:20',1,false,false,'','2024-07-10 03:20:42',999),
	 ('KABUPATEN',-0.4555,100.5771,3,' TANAH DATAR','KABUPATEN TANAH DATAR','','2024-10-24 03:57:20',1,false,false,'','2024-07-10 03:20:42',999),
	 ('KABUPATEN',-0.6,100.28333,3,' PADANG PARIAMAN','KABUPATEN PADANG PARIAMAN','','2024-10-24 03:57:20',1,false,false,'','2024-07-10 03:20:42',999),
	 ('KABUPATEN',-0.25,100.16667,3,' AGAM','KABUPATEN AGAM','','2024-10-24 03:57:20',1,false,false,'','2024-07-10 03:20:42',999),
	 ('KABUPATEN',-0.0168,100.5872,3,' LIMA PULUH KOTA','KABUPATEN LIMA PULUH KOTA','','2024-10-24 03:57:20',1,false,false,'','2024-07-10 03:20:42',999),
	 ('KABUPATEN',0.42503,99.94606,3,' PASAMAN','KABUPATEN PASAMAN','','2024-10-24 03:57:20',1,false,false,'','2024-07-10 03:20:42',999),
	 ('KABUPATEN',-1.23333,101.417,3,' SOLOK SELATAN','KABUPATEN SOLOK SELATAN','','2024-10-24 03:57:20',1,false,false,'','2024-07-10 03:20:42',999),
	 ('KABUPATEN',-1.05,101.367,3,' DHARMASRAYA','KABUPATEN DHARMASRAYA','','2024-10-24 03:57:20',1,false,false,'','2024-07-10 03:20:42',999),
	 ('KABUPATEN',0.28152,99.51965,3,' PASAMAN BARAT','KABUPATEN PASAMAN BARAT','','2024-10-24 03:57:20',1,false,false,'','2024-07-10 03:20:42',999),
	 ('KOTA',-0.98333,100.45,3,' PADANG','KOTA PADANG','','2024-10-24 03:57:20',1,false,false,'','2024-07-10 03:20:42',999),
	 ('KOTA',-0.76667,100.61667,3,' SOLOK','KOTA SOLOK','','2024-10-24 03:57:20',1,false,false,'','2024-07-10 03:20:42',999),
	 ('KOTA',-0.6,100.75,3,' SAWAH LUNTO','KOTA SAWAH LUNTO','','2024-10-24 03:57:20',1,false,false,'','2024-07-10 03:20:42',999),
	 ('KOTA',-0.45,100.43333,3,' PADANG PANJANG','KOTA PADANG PANJANG','','2024-10-24 03:57:20',1,false,false,'','2024-07-10 03:20:42',999),
	 ('KOTA',-0.275,100.375,3,' BUKITTINGGI','KOTA BUKITTINGGI','','2024-10-24 03:57:20',1,false,false,'','2024-07-10 03:20:42',999),
	 ('KOTA',-0.23333,100.63333,3,' PAYAKUMBUH','KOTA PAYAKUMBUH','','2024-10-24 03:57:20',1,false,false,'','2024-07-10 03:20:42',999),
	 ('KOTA',-0.62682,100.12047,3,' PARIAMAN','KOTA PARIAMAN','','2024-10-24 03:57:20',1,false,false,'','2024-07-10 03:20:42',999),
	 ('KABUPATEN',-0.47532,101.45857,4,' KUANTAN SINGINGI','KABUPATEN KUANTAN SINGINGI','','2024-10-24 03:57:20',1,false,false,'','2024-07-10 03:20:42',999),
	 ('KABUPATEN',-0.55,102.31667,4,' INDRAGIRI HULU','KABUPATEN INDRAGIRI HULU','','2024-10-24 03:57:20',1,false,false,'','2024-07-10 03:20:42',999),
	 ('KABUPATEN',-0.33333,103.16667,4,' INDRAGIRI HILIR','KABUPATEN INDRAGIRI HILIR','','2024-10-24 03:57:20',1,false,false,'','2024-07-10 03:20:42',999),
	 ('KABUPATEN',0.20822,102.18607,4,' PELALAWAN','KABUPATEN PELALAWAN','','2024-10-24 03:57:20',1,false,false,'','2024-07-10 03:20:42',999),
	 ('KABUPATEN',0.97453,102.01355,4,'SIAK','KABUPATEN SIAK','','2024-10-24 03:57:20',1,false,false,'','2024-07-10 03:20:42',999),
	 ('KABUPATEN',0.2344,101.2131,4,' KAMPAR','KABUPATEN KAMPAR','','2024-10-24 03:57:20',1,false,false,'','2024-07-10 03:20:42',999),
	 ('KABUPATEN',0.88333,100.48333,4,' ROKAN HULU','KABUPATEN ROKAN HULU','','2024-10-24 03:57:20',1,false,false,'','2024-07-10 03:20:42',999),
	 ('KABUPATEN',0.9838,102.5096,4,' BENGKALIS','KABUPATEN BENGKALIS','','2024-10-24 03:57:20',1,false,false,'','2024-07-10 03:20:42',999),
	 ('KABUPATEN',2.16599,100.82514,4,' ROKAN HILIR','KABUPATEN ROKAN HILIR','','2024-10-24 03:57:20',1,false,false,'','2024-07-10 03:20:42',999),
	 ('KABUPATEN',0.97488,102.69539,4,' KEPULAUAN MERANTI','KABUPATEN KEPULAUAN MERANTI','','2024-10-24 03:57:20',1,false,false,'','2024-07-10 03:20:42',999),
	 ('KOTA',0.53333,101.46667,4,' PEKANBARU','KOTA PEKANBARU','','2024-10-24 03:57:20',1,false,false,'','2024-07-10 03:20:42',999),
	 ('KOTA',1.61592,101.4917,4,'DUMAI','KOTA DUMAI','','2024-10-24 03:57:20',1,false,false,'','2024-07-10 03:20:42',999),
	 ('KABUPATEN',-2.03333,101.53333,5,' KERINCI','KABUPATEN KERINCI','','2024-10-24 03:57:20',1,false,false,'','2024-07-10 03:20:42',999),
	 ('KABUPATEN',-2.06933,102.13303,5,' MERANGIN','KABUPATEN MERANGIN','','2024-10-24 03:57:20',1,false,false,'','2024-07-10 03:20:42',999),
	 ('KABUPATEN',-2.3,102.65,5,' SAROLANGUN','KABUPATEN SAROLANGUN','','2024-10-24 03:57:20',1,false,false,'','2024-07-10 03:20:42',999),
	 ('KABUPATEN',-1.75,103.11667,5,' BATANG HARI','KABUPATEN BATANG HARI','','2024-10-24 03:57:20',1,false,false,'','2024-07-10 03:20:42',999),
	 ('KABUPATEN',-1.55214,103.82163,5,' MUARO JAMBI','KABUPATEN MUARO JAMBI','','2024-10-24 03:57:20',1,false,false,'','2024-07-10 03:20:42',999),
	 ('KABUPATEN',-1.13198,103.61755,5,' TANJUNG JABUNG TIMUR','KABUPATEN TANJUNG JABUNG TIMUR','','2024-10-24 03:57:20',1,false,false,'','2024-07-10 03:20:42',999),
	 ('KABUPATEN',-1.1544,103.24402,5,' TANJUNG JABUNG BARAT','KABUPATEN TANJUNG JABUNG BARAT','','2024-10-24 03:57:20',1,false,false,'','2024-07-10 03:20:42',999),
	 ('KABUPATEN',-1.45576,102.37473,5,' TEBO','KABUPATEN TEBO','','2024-10-24 03:57:20',1,false,false,'','2024-07-10 03:20:42',999),
	 ('KABUPATEN',-1.50222,101.96,5,' BUNGO','KABUPATEN BUNGO','','2024-10-24 03:57:20',1,false,false,'','2024-07-10 03:20:42',999),
	 ('KOTA',-1.61667,103.65,5,' JAMBI','KOTA JAMBI','','2024-10-24 03:57:20',1,false,false,'','2024-07-10 03:20:42',999),
	 ('KOTA',-2.10896,101.32175,5,' SUNGAI PENUH','KOTA SUNGAI PENUH','','2024-10-24 03:57:20',1,false,false,'','2024-07-10 03:20:42',999),
	 ('KABUPATEN',-4.13333,104.03333,6,' OGAN KOMERING ULU','KABUPATEN OGAN KOMERING ULU','','2024-10-24 03:57:20',1,false,false,'','2024-07-10 03:20:42',999),
	 ('KABUPATEN',-3.36667,105.36667,6,' OGAN KOMERING ILIR','KABUPATEN OGAN KOMERING ILIR','','2024-10-24 03:57:20',1,false,false,'','2024-07-10 03:20:42',999),
	 ('KABUPATEN',-4.2327,103.6141,6,' MUARA ENIM','KABUPATEN MUARA ENIM','','2024-10-24 03:57:20',1,false,false,'','2024-07-10 03:20:42',999),
	 ('KABUPATEN',-3.7864,103.5428,6,' LAHAT','KABUPATEN LAHAT','','2024-10-24 03:57:20',1,false,false,'','2024-07-10 03:20:42',999),
	 ('KABUPATEN',-3.08333,103.2,6,' MUSI RAWAS','KABUPATEN MUSI RAWAS','','2024-10-24 03:57:20',1,false,false,'','2024-07-10 03:20:42',999),
	 ('KABUPATEN',-2.41667,103.75,6,'MUSI BANYU ASIN','KABUPATEN MUSI BANYU ASIN','','2024-10-24 03:57:20',1,false,false,'','2024-07-10 03:20:42',999),
	 ('KABUPATEN',-2.88333,104.38306,6,' BANYU ASIN','KABUPATEN BANYU ASIN','','2024-10-24 03:57:20',1,false,false,'','2024-07-10 03:20:42',999),
	 ('KABUPATEN',-4.65728,104.00659,6,' OGAN KOMERING ULU SELATAN','KABUPATEN OGAN KOMERING ULU SELATAN','','2024-10-24 03:57:20',1,false,false,'','2024-07-10 03:20:42',999),
	 ('KABUPATEN',-3.85679,104.75209,6,' OGAN KOMERING ULU TIMUR','KABUPATEN OGAN KOMERING ULU TIMUR','','2024-10-24 03:57:20',1,false,false,'','2024-07-10 03:20:42',999),
	 ('KABUPATEN',-3.43186,104.62727,6,' OGAN ILIR','KABUPATEN OGAN ILIR','','2024-10-24 03:57:20',1,false,false,'','2024-07-10 03:20:42',999),
	 ('KABUPATEN',3.22667,99.09256,6,' EMPAT LAWANG','KABUPATEN EMPAT LAWANG','','2024-10-24 03:57:20',1,false,false,'','2024-07-10 03:20:42',999),
	 ('KABUPATEN',-3.21342,104.08722,6,' PENUKAL ABAB LEMATANG ILIR','KABUPATEN PENUKAL ABAB LEMATANG ILIR','','2024-10-24 03:57:20',1,false,false,'','2024-07-10 03:20:42',999),
	 ('KABUPATEN',-2.48533,103.29346,6,' MUSI RAWAS UTARA','KABUPATEN MUSI RAWAS UTARA','','2024-10-24 03:57:20',1,false,false,'','2024-07-10 03:20:42',999),
	 ('KOTA',-3.0,104.71667,6,' PALEMBANG','KOTA PALEMBANG','','2024-10-24 03:57:20',1,false,false,'','2024-07-10 03:20:42',999),
	 ('KOTA',-3.46202,104.2229,6,' PRABUMULIH','KOTA PRABUMULIH','','2024-10-24 03:57:20',1,false,false,'','2024-07-10 03:20:42',999),
	 ('KOTA',-4.13055,103.26822,6,' PAGAR ALAM','KOTA PAGAR ALAM','','2024-10-24 03:57:20',1,false,false,'','2024-07-10 03:20:42',999),
	 ('KOTA',-3.29308,102.85503,6,'LUBUK LINGGAU','KOTA LUBUK LINGGAU','','2024-10-24 03:57:20',1,false,false,'','2024-07-10 03:20:42',999),
	 ('KABUPATEN',-4.35,103.03333,7,' BENGKULU SELATAN','KABUPATEN BENGKULU SELATAN','','2024-10-24 03:57:20',1,false,false,'','2024-07-10 03:20:42',999),
	 ('KABUPATEN',-3.43333,102.71667,7,' REJANG LEBONG','KABUPATEN REJANG LEBONG','','2024-10-24 03:57:20',1,false,false,'','2024-07-10 03:20:42',999),
	 ('KABUPATEN',-3.33333,102.05,7,' BENGKULU UTARA','KABUPATEN BENGKULU UTARA','','2024-10-24 03:57:20',1,false,false,'','2024-07-10 03:20:42',999),
	 ('KABUPATEN',-4.78179,103.36109,7,' KAUR','KABUPATEN KAUR','','2024-10-24 03:57:20',1,false,false,'','2024-07-10 03:20:42',999),
	 ('KABUPATEN',-3.96644,102.47429,7,' SELUMA','KABUPATEN SELUMA','','2024-10-24 03:57:20',1,false,false,'','2024-07-10 03:20:42',999),
	 ('KABUPATEN',-3.07438,101.54766,7,' MUKOMUKO','KABUPATEN MUKOMUKO','','2024-10-24 03:57:20',1,false,false,'','2024-07-10 03:20:42',999),
	 ('KABUPATEN',-3.24278,102.3349,7,' LEBONG','KABUPATEN LEBONG','','2024-10-24 03:57:20',1,false,false,'','2024-07-10 03:20:42',999),
	 ('KABUPATEN',-3.60194,102.56424,7,' KEPAHIANG','KABUPATEN KEPAHIANG','','2024-10-24 03:57:20',1,false,false,'','2024-07-10 03:20:42',999),
	 ('KABUPATEN',-3.20679,102.12616,7,' BENGKULU TENGAH','KABUPATEN BENGKULU TENGAH','','2024-10-24 03:57:20',1,false,false,'','2024-07-10 03:20:42',999),
	 ('KOTA',-3.81667,102.31667,7,' BENGKULU','KOTA BENGKULU','','2024-10-24 03:57:20',1,false,false,'','2024-07-10 03:20:42',999),
	 ('KABUPATEN',-5.14904,104.19309,8,' LAMPUNG BARAT','KABUPATEN LAMPUNG BARAT','','2024-10-24 03:57:20',1,false,false,'','2024-07-10 03:20:42',999),
	 ('KABUPATEN',-5.38508,104.62349,8,' TANGGAMUS','KABUPATEN TANGGAMUS','','2024-10-24 03:57:20',1,false,false,'','2024-07-10 03:20:42',999),
	 ('KABUPATEN',-5.4531,104.9877,8,' LAMPUNG SELATAN','KABUPATEN LAMPUNG SELATAN','','2024-10-24 03:57:20',1,false,false,'','2024-07-10 03:20:42',999),
	 ('KABUPATEN',-5.10273,105.68003,8,' LAMPUNG TIMUR','KABUPATEN LAMPUNG TIMUR','','2024-10-24 03:57:20',1,false,false,'','2024-07-10 03:20:42',999),
	 ('KABUPATEN',-4.86667,105.26667,8,' LAMPUNG TENGAH','KABUPATEN LAMPUNG TENGAH','','2024-10-24 03:57:20',1,false,false,'','2024-07-10 03:20:42',999),
	 ('KABUPATEN',-4.81667,104.8,8,' LAMPUNG UTARA','KABUPATEN LAMPUNG UTARA','','2024-10-24 03:57:20',1,false,false,'','2024-07-10 03:20:42',999),
	 ('KABUPATEN',-4.44705,104.52753,8,' WAY KANAN','KABUPATEN WAY KANAN','','2024-10-24 03:57:20',1,false,false,'','2024-07-10 03:20:42',999),
	 ('KABUPATEN',-4.20604,105.57999,8,' TULANGBAWANG','KABUPATEN TULANGBAWANG','','2024-10-24 03:57:20',1,false,false,'','2024-07-10 03:20:42',999),
	 ('KABUPATEN',-5.4298,105.17899,8,' PESAWARAN','KABUPATEN PESAWARAN','','2024-10-24 03:57:20',1,false,false,'','2024-07-10 03:20:42',999),
	 ('KABUPATEN',-5.42211,104.93454,8,' PRINGSEWU','KABUPATEN PRINGSEWU','','2024-10-24 03:57:20',1,false,false,'','2024-07-10 03:20:42',999),
	 ('KABUPATEN',-4.0439,105.4013,8,' MESUJI','KABUPATEN MESUJI','','2024-10-24 03:57:20',1,false,false,'','2024-07-10 03:20:42',999),
	 ('KABUPATEN',-4.43975,105.0444,8,' TULANG BAWANG BARAT','KABUPATEN TULANG BAWANG BARAT','','2024-10-24 03:57:20',1,false,false,'','2024-07-10 03:20:42',999),
	 ('KABUPATEN',-5.19323,103.93976,8,' PESISIR BARAT','KABUPATEN PESISIR BARAT','','2024-10-24 03:57:20',1,false,false,'','2024-07-10 03:20:42',999),
	 ('KOTA',-5.41667,105.25,8,' BANDAR LAMPUNG','KOTA BANDAR LAMPUNG','','2024-10-24 03:57:20',1,false,false,'','2024-07-10 03:20:42',999),
	 ('KOTA',-5.11856,105.29949,8,' METRO','KOTA METRO','','2024-10-24 03:57:20',1,false,false,'','2024-07-10 03:20:42',999),
	 ('KABUPATEN',-1.91667,105.93333,9,' BANGKA','KABUPATEN BANGKA','','2024-10-24 03:57:20',1,false,false,'','2024-07-10 03:20:42',999),
	 ('KABUPATEN',-2.86667,107.7,9,' BELITUNG','KABUPATEN BELITUNG','','2024-10-24 03:57:20',1,false,false,'','2024-07-10 03:20:42',999),
	 ('KABUPATEN',-1.95839,105.53741,9,' BANGKA BARAT','KABUPATEN BANGKA BARAT','','2024-10-24 03:57:20',1,false,false,'','2024-07-10 03:20:42',999),
	 ('KABUPATEN',-2.33989,106.1142,9,' BANGKA TENGAH','KABUPATEN BANGKA TENGAH','','2024-10-24 03:57:20',1,false,false,'','2024-07-10 03:20:42',999),
	 ('KABUPATEN',-2.66803,106.01257,9,' BANGKA SELATAN','KABUPATEN BANGKA SELATAN','','2024-10-24 03:57:20',1,false,false,'','2024-07-10 03:20:42',999),
	 ('KABUPATEN',-2.9627,108.15216,9,' BELITUNG TIMUR','KABUPATEN BELITUNG TIMUR','','2024-10-24 03:57:20',1,false,false,'','2024-07-10 03:20:42',999),
	 ('KOTA',-2.13333,106.13333,9,' PANGKAL PINANG','KOTA PANGKAL PINANG','','2024-10-24 03:57:20',1,false,false,'','2024-07-10 03:20:42',999),
	 ('KABUPATEN',0.80764,103.41911,10,' KARIMUN','KABUPATEN KARIMUN','','2024-10-24 03:57:20',1,false,false,'','2024-07-10 03:20:42',999),
	 ('KABUPATEN',0.95,104.61944,10,' BINTAN','KABUPATEN BINTAN','','2024-10-24 03:57:20',1,false,false,'','2024-07-10 03:20:42',999),
	 ('KABUPATEN',4.71417,107.97639,10,' NATUNA','KABUPATEN NATUNA','','2024-10-24 03:57:20',1,false,false,'','2024-07-10 03:20:42',999),
	 ('KABUPATEN',0.2,104.61667,10,' LINGGA','KABUPATEN LINGGA','','2024-10-24 03:57:20',1,false,false,'','2024-07-10 03:20:42',999),
	 ('KABUPATEN',3.0,106.0,10,' KEPULAUAN ANAMBAS','KABUPATEN KEPULAUAN ANAMBAS','','2024-10-24 03:57:20',1,false,false,'','2024-07-10 03:20:42',999),
	 ('KOTA',1.05211,104.02851,10,'BATAM','KOTA BATAM','','2024-10-24 03:57:20',1,false,false,'','2024-07-10 03:20:42',999),
	 ('KOTA',0.91683,104.44329,10,' TANJUNG PINANG','KOTA TANJUNG PINANG','','2024-10-24 03:57:20',1,false,false,'','2024-07-10 03:20:42',999),
	 ('KABUPATEN',-5.5985,106.55271,11,' KEPULAUAN SERIBU','KABUPATEN KEPULAUAN SERIBU','','2024-10-24 03:57:20',1,false,false,'','2024-07-10 03:20:42',999),
	 ('KOTA',-6.266,106.8135,11,' JAKARTA SELATAN','KOTA JAKARTA SELATAN','','2024-10-24 03:57:20',1,false,false,'','2024-07-10 03:20:42',999),
	 ('KOTA',-6.2521,106.884,11,' JAKARTA TIMUR','KOTA JAKARTA TIMUR','','2024-10-24 03:57:20',1,false,false,'','2024-07-10 03:20:42',999),
	 ('KOTA',-6.1777,106.8403,11,' JAKARTA PUSAT','KOTA JAKARTA PUSAT','','2024-10-24 03:57:20',1,false,false,'','2024-07-10 03:20:42',999),
	 ('KOTA',-6.1676,106.7673,11,' JAKARTA BARAT','KOTA JAKARTA BARAT','','2024-10-24 03:57:20',1,false,false,'','2024-07-10 03:20:42',999),
	 ('KOTA',-6.1339,106.8823,11,' JAKARTA UTARA','KOTA JAKARTA UTARA','','2024-10-24 03:57:20',1,false,false,'','2024-07-10 03:20:42',999),
	 ('KABUPATEN',-6.58333,106.71667,12,' BOGOR','KABUPATEN BOGOR','','2024-10-24 03:57:20',1,false,false,'','2024-07-10 03:20:42',999),
	 ('KABUPATEN',-7.06667,106.7,12,' SUKABUMI','KABUPATEN SUKABUMI','','2024-10-24 03:57:20',1,false,false,'','2024-07-10 03:20:42',999),
	 ('KABUPATEN',-6.7725,107.08306,12,' CIANJUR','KABUPATEN CIANJUR','','2024-10-24 03:57:20',1,false,false,'','2024-07-10 03:20:42',999),
	 ('KABUPATEN',-7.1,107.6,12,' BANDUNG','KABUPATEN BANDUNG','','2024-10-24 03:57:20',1,false,false,'','2024-07-10 03:20:42',999),
	 ('KABUPATEN',-7.38333,107.76667,12,' GARUT','KABUPATEN GARUT','','2024-10-24 03:57:20',1,false,false,'','2024-07-10 03:20:42',999),
	 ('KABUPATEN',-7.5,108.13333,12,' TASIKMALAYA','KABUPATEN TASIKMALAYA','','2024-10-24 03:57:20',1,false,false,'','2024-07-10 03:20:42',999),
	 ('KABUPATEN',-7.28333,108.41667,12,' CIAMIS','KABUPATEN CIAMIS','','2024-10-24 03:57:20',1,false,false,'','2024-07-10 03:20:42',999),
	 ('KABUPATEN',-7.0,108.55,12,' KUNINGAN','KABUPATEN KUNINGAN','','2024-10-24 03:57:20',1,false,false,'','2024-07-10 03:20:42',999),
	 ('KABUPATEN',-6.8,108.56667,12,' CIREBON','KABUPATEN CIREBON','','2024-10-24 03:57:20',1,false,false,'','2024-07-10 03:20:42',999),
	 ('KABUPATEN',-6.81667,108.28333,12,' MAJALENGKA','KABUPATEN MAJALENGKA','','2024-10-24 03:57:20',1,false,false,'','2024-07-10 03:20:42',999),
	 ('KABUPATEN',-6.81667,107.98333,12,' SUMEDANG','KABUPATEN SUMEDANG','','2024-10-24 03:57:20',1,false,false,'','2024-07-10 03:20:42',999),
	 ('KABUPATEN',-6.45,108.16667,12,' INDRAMAYU','KABUPATEN INDRAMAYU','','2024-10-24 03:57:20',1,false,false,'','2024-07-10 03:20:42',999),
	 ('KABUPATEN',-6.50833,107.7025,12,' SUBANG','KABUPATEN SUBANG','','2024-10-24 03:57:20',1,false,false,'','2024-07-10 03:20:42',999),
	 ('KABUPATEN',-6.58333,107.45,12,' PURWAKARTA','KABUPATEN PURWAKARTA','','2024-10-24 03:57:20',1,false,false,'','2024-07-10 03:20:42',999),
	 ('KABUPATEN',-6.26667,107.41667,12,' KARAWANG','KABUPATEN KARAWANG','','2024-10-24 03:57:20',1,false,false,'','2024-07-10 03:20:42',999),
	 ('KABUPATEN',-6.24667,107.10833,12,' BEKASI','KABUPATEN BEKASI','','2024-10-24 03:57:20',1,false,false,'','2024-07-10 03:20:42',999),
	 ('KABUPATEN',-6.83333,107.48333,12,' BANDUNG BARAT','KABUPATEN BANDUNG BARAT','','2024-10-24 03:57:20',1,false,false,'','2024-07-10 03:20:42',999),
	 ('KABUPATEN',-7.6673,108.64037,12,' PANGANDARAN','KABUPATEN PANGANDARAN','','2024-10-24 03:57:20',1,false,false,'','2024-07-10 03:20:42',999),
	 ('KOTA',-6.59167,106.8,12,' BOGOR','KOTA BOGOR','','2024-10-24 03:57:20',1,false,false,'','2024-07-10 03:20:42',999),
	 ('KOTA',-6.95,106.93333,12,' SUKABUMI','KOTA SUKABUMI','','2024-10-24 03:57:20',1,false,false,'','2024-07-10 03:20:42',999),
	 ('KOTA',-6.9175,107.62444,12,' BANDUNG','KOTA BANDUNG','','2024-10-24 03:57:20',1,false,false,'','2024-07-10 03:20:42',999),
	 ('KOTA',-6.75,108.55,12,' CIREBON','KOTA CIREBON','','2024-10-24 03:57:20',1,false,false,'','2024-07-10 03:20:42',999),
	 ('KOTA',-6.28333,106.98333,12,' BEKASI','KOTA BEKASI','','2024-10-24 03:57:20',1,false,false,'','2024-07-10 03:20:42',999),
	 ('KOTA',-6.4,106.81667,12,' DEPOK','KOTA DEPOK','','2024-10-24 03:57:20',1,false,false,'','2024-07-10 03:20:42',999),
	 ('KOTA',-6.89167,107.55,12,' CIMAHI','KOTA CIMAHI','','2024-10-24 03:57:20',1,false,false,'','2024-07-10 03:20:42',999),
	 ('KOTA',-7.35,108.21667,12,' TASIKMALAYA','KOTA TASIKMALAYA','','2024-10-24 03:57:20',1,false,false,'','2024-07-10 03:20:42',999),
	 ('KOTA',-7.36996,108.53209,12,' BANJAR','KOTA BANJAR','','2024-10-24 03:57:20',1,false,false,'','2024-07-10 03:20:42',999),
	 ('KABUPATEN',-7.57417,108.98861,13,' CILACAP','KABUPATEN CILACAP','','2024-10-24 03:57:20',1,false,false,'','2024-07-10 03:20:42',999),
	 ('KABUPATEN',-7.45,109.16667,13,' BANYUMAS','KABUPATEN BANYUMAS','','2024-10-24 03:57:20',1,false,false,'','2024-07-10 03:20:42',999),
	 ('KABUPATEN',-7.28417,109.35028,13,' PURBALINGGA','KABUPATEN PURBALINGGA','','2024-10-24 03:57:20',1,false,false,'','2024-07-10 03:20:42',999),
	 ('KABUPATEN',-7.35111,109.5875,13,' BANJARNEGARA','KABUPATEN BANJARNEGARA','','2024-10-24 03:57:20',1,false,false,'','2024-07-10 03:20:42',999),
	 ('KABUPATEN',-7.63917,109.66056,13,' KEBUMEN','KABUPATEN KEBUMEN','','2024-10-24 03:57:20',1,false,false,'','2024-07-10 03:20:42',999),
	 ('KABUPATEN',-7.7,109.96667,13,' PURWOREJO','KABUPATEN PURWOREJO','','2024-10-24 03:57:20',1,false,false,'','2024-07-10 03:20:42',999),
	 ('KABUPATEN',-7.36139,109.92667,13,' WONOSOBO','KABUPATEN WONOSOBO','','2024-10-24 03:57:20',1,false,false,'','2024-07-10 03:20:42',999),
	 ('KABUPATEN',-7.4275,110.16194,13,' MAGELANG','KABUPATEN MAGELANG','','2024-10-24 03:57:20',1,false,false,'','2024-07-10 03:20:42',999),
	 ('KABUPATEN',-7.5,110.7,13,' BOYOLALI','KABUPATEN BOYOLALI','','2024-10-24 03:57:20',1,false,false,'','2024-07-10 03:20:42',999),
	 ('KABUPATEN',-7.68333,110.61667,13,' KLATEN','KABUPATEN KLATEN','','2024-10-24 03:57:20',1,false,false,'','2024-07-10 03:20:42',999),
	 ('KABUPATEN',-7.68333,110.83333,13,' SUKOHARJO','KABUPATEN SUKOHARJO','','2024-10-24 03:57:20',1,false,false,'','2024-07-10 03:20:42',999),
	 ('KABUPATEN',-7.91667,111.0,13,' WONOGIRI','KABUPATEN WONOGIRI','','2024-10-24 03:57:20',1,false,false,'','2024-07-10 03:20:42',999),
	 ('KABUPATEN',-7.62806,111.0625,13,' KARANGANYAR','KABUPATEN KARANGANYAR','','2024-10-24 03:57:20',1,false,false,'','2024-07-10 03:20:42',999),
	 ('KABUPATEN',-7.41278,110.935,13,' SRAGEN','KABUPATEN SRAGEN','','2024-10-24 03:57:20',1,false,false,'','2024-07-10 03:20:42',999),
	 ('KABUPATEN',-7.11667,110.91667,13,' GROBOGAN','KABUPATEN GROBOGAN','','2024-10-24 03:57:20',1,false,false,'','2024-07-10 03:20:42',999),
	 ('KABUPATEN',-7.06667,111.38333,13,' BLORA','KABUPATEN BLORA','','2024-10-24 03:57:20',1,false,false,'','2024-07-10 03:20:42',999),
	 ('KABUPATEN',-6.78333,111.46667,13,' REMBANG','KABUPATEN REMBANG','','2024-10-24 03:57:20',1,false,false,'','2024-07-10 03:20:42',999),
	 ('KABUPATEN',-6.76667,111.1,13,' PATI','KABUPATEN PATI','','2024-10-24 03:57:20',1,false,false,'','2024-07-10 03:20:42',999),
	 ('KABUPATEN',-6.8,110.86667,13,' KUDUS','KABUPATEN KUDUS','','2024-10-24 03:57:20',1,false,false,'','2024-07-10 03:20:42',999),
	 ('KABUPATEN',-6.58333,110.76667,13,' JEPARA','KABUPATEN JEPARA','','2024-10-24 03:57:20',1,false,false,'','2024-07-10 03:20:42',999),
	 ('KABUPATEN',-6.8993,110.6122,13,' DEMAK','KABUPATEN DEMAK','','2024-10-24 03:57:20',1,false,false,'','2024-07-10 03:20:42',999),
	 ('KABUPATEN',-7.20667,110.44139,13,' SEMARANG','KABUPATEN SEMARANG','','2024-10-24 03:57:20',1,false,false,'','2024-07-10 03:20:42',999),
	 ('KABUPATEN',-7.25,110.11667,13,' TEMANGGUNG','KABUPATEN TEMANGGUNG','','2024-10-24 03:57:20',1,false,false,'','2024-07-10 03:20:42',999),
	 ('KABUPATEN',-7.0256,110.1685,13,' KENDAL','KABUPATEN KENDAL','','2024-10-24 03:57:20',1,false,false,'','2024-07-10 03:20:42',999),
	 ('KABUPATEN',-7.03333,109.88333,13,' BATANG','KABUPATEN BATANG','','2024-10-24 03:57:20',1,false,false,'','2024-07-10 03:20:42',999),
	 ('KABUPATEN',-7.0319,109.624,13,' PEKALONGAN','KABUPATEN PEKALONGAN','','2024-10-24 03:57:20',1,false,false,'','2024-07-10 03:20:42',999),
	 ('KABUPATEN',-7.03333,109.4,13,' PEMALANG','KABUPATEN PEMALANG','','2024-10-24 03:57:20',1,false,false,'','2024-07-10 03:20:42',999),
	 ('KABUPATEN',-7.03333,109.16667,13,' TEGAL','KABUPATEN TEGAL','','2024-10-24 03:57:20',1,false,false,'','2024-07-10 03:20:42',999),
	 ('KABUPATEN',-7.05,108.9,13,' BREBES','KABUPATEN BREBES','','2024-10-24 03:57:20',1,false,false,'','2024-07-10 03:20:42',999),
	 ('KOTA',-7.5,110.225,13,' MAGELANG','KOTA MAGELANG','','2024-10-24 03:57:20',1,false,false,'','2024-07-10 03:20:42',999),
	 ('KOTA',-7.55,110.81667,13,' SURAKARTA','KOTA SURAKARTA','','2024-10-24 03:57:20',1,false,false,'','2024-07-10 03:20:42',999),
	 ('KOTA',-7.33278,110.48333,13,' SALATIGA','KOTA SALATIGA','','2024-10-24 03:57:20',1,false,false,'','2024-07-10 03:20:42',999),
	 ('KOTA',-7.03333,110.38333,13,' SEMARANG','KOTA SEMARANG','','2024-10-24 03:57:20',1,false,false,'','2024-07-10 03:20:42',999),
	 ('KOTA',-6.9,109.68333,13,' PEKALONGAN','KOTA PEKALONGAN','','2024-10-24 03:57:20',1,false,false,'','2024-07-10 03:20:42',999),
	 ('KOTA',-6.8686,109.1129,13,' TEGAL','KOTA TEGAL','','2024-10-24 03:57:20',1,false,false,'','2024-07-10 03:20:42',999),
	 ('KABUPATEN',-7.645,110.02694,14,' KULON PROGO','KABUPATEN KULON PROGO','','2024-10-24 03:57:20',1,false,false,'','2024-07-10 03:20:42',999),
	 ('KABUPATEN',-7.9,110.36667,14,' BANTUL','KABUPATEN BANTUL','','2024-10-24 03:57:20',1,false,false,'','2024-07-10 03:20:42',999),
	 ('KABUPATEN',-7.98333,110.61667,14,' GUNUNG KIDUL','KABUPATEN GUNUNG KIDUL','','2024-10-24 03:57:20',1,false,false,'','2024-07-10 03:20:42',999),
	 ('KABUPATEN',-7.68167,110.32333,14,' SLEMAN','KABUPATEN SLEMAN','','2024-10-24 03:57:20',1,false,false,'','2024-07-10 03:20:42',999),
	 ('KOTA',-7.8,110.375,14,' YOGYAKARTA','KOTA YOGYAKARTA','','2024-10-24 03:57:20',1,false,false,'','2024-07-10 03:20:42',999),
	 ('KABUPATEN',-8.13333,111.16667,15,' PACITAN','KABUPATEN PACITAN','','2024-10-24 03:57:20',1,false,false,'','2024-07-10 03:20:42',999),
	 ('KABUPATEN',-7.93333,111.5,15,' PONOROGO','KABUPATEN PONOROGO','','2024-10-24 03:57:20',1,false,false,'','2024-07-10 03:20:42',999),
	 ('KABUPATEN',-8.16667,111.61667,15,' TRENGGALEK','KABUPATEN TRENGGALEK','','2024-10-24 03:57:20',1,false,false,'','2024-07-10 03:20:42',999),
	 ('KABUPATEN',-8.11667,111.91667,15,' TULUNGAGUNG','KABUPATEN TULUNGAGUNG','','2024-10-24 03:57:20',1,false,false,'','2024-07-10 03:20:42',999),
	 ('KABUPATEN',-8.13333,112.25,15,' BLITAR','KABUPATEN BLITAR','','2024-10-24 03:57:20',1,false,false,'','2024-07-10 03:20:42',999),
	 ('KABUPATEN',-7.83333,112.16667,15,' KEDIRI','KABUPATEN KEDIRI','','2024-10-24 03:57:20',1,false,false,'','2024-07-10 03:20:42',999),
	 ('KABUPATEN',-7.978,112.63389,15,' MALANG','KABUPATEN MALANG','','2024-10-24 03:57:20',1,false,false,'','2024-07-10 03:20:42',999),
	 ('KABUPATEN',-8.11667,113.15,15,' LUMAJANG','KABUPATEN LUMAJANG','','2024-10-24 03:57:20',1,false,false,'','2024-07-10 03:20:42',999),
	 ('KABUPATEN',-8.25,113.65,15,' JEMBER','KABUPATEN JEMBER','','2024-10-24 03:57:20',1,false,false,'','2024-07-10 03:20:42',999),
	 ('KABUPATEN',-8.33333,114.2,15,' BANYUWANGI','KABUPATEN BANYUWANGI','','2024-10-24 03:57:20',1,false,false,'','2024-07-10 03:20:42',999),
	 ('KABUPATEN',-7.9404,113.9834,15,' BONDOWOSO','KABUPATEN BONDOWOSO','','2024-10-24 03:57:20',1,false,false,'','2024-07-10 03:20:42',999),
	 ('KABUPATEN',-7.71667,114.05,15,' SITUBONDO','KABUPATEN SITUBONDO','','2024-10-24 03:57:20',1,false,false,'','2024-07-10 03:20:42',999),
	 ('KABUPATEN',-7.86667,113.31667,15,' PROBOLINGGO','KABUPATEN PROBOLINGGO','','2024-10-24 03:57:20',1,false,false,'','2024-07-10 03:20:42',999),
	 ('KABUPATEN',-7.73333,112.83333,15,' PASURUAN','KABUPATEN PASURUAN','','2024-10-24 03:57:20',1,false,false,'','2024-07-10 03:20:42',999),
	 ('KABUPATEN',-7.45,112.7,15,' SIDOARJO','KABUPATEN SIDOARJO','','2024-10-24 03:57:20',1,false,false,'','2024-07-10 03:20:42',999),
	 ('KABUPATEN',-7.55,112.5,15,' MOJOKERTO','KABUPATEN MOJOKERTO','','2024-10-24 03:57:20',1,false,false,'','2024-07-10 03:20:42',999),
	 ('KABUPATEN',-7.55,112.25,15,' JOMBANG','KABUPATEN JOMBANG','','2024-10-24 03:57:20',1,false,false,'','2024-07-10 03:20:42',999),
	 ('KABUPATEN',-7.6,111.93333,15,' NGANJUK','KABUPATEN NGANJUK','','2024-10-24 03:57:20',1,false,false,'','2024-07-10 03:20:42',999),
	 ('KABUPATEN',-7.61667,111.65,15,' MADIUN','KABUPATEN MADIUN','','2024-10-24 03:57:20',1,false,false,'','2024-07-10 03:20:42',999),
	 ('KABUPATEN',-7.64472,111.35917,15,' MAGETAN','KABUPATEN MAGETAN','','2024-10-24 03:57:20',1,false,false,'','2024-07-10 03:20:42',999),
	 ('KABUPATEN',-7.47444,111.33444,15,' NGAWI','KABUPATEN NGAWI','','2024-10-24 03:57:20',1,false,false,'','2024-07-10 03:20:42',999),
	 ('KABUPATEN',-7.25,111.8,15,' BOJONEGORO','KABUPATEN BOJONEGORO','','2024-10-24 03:57:20',1,false,false,'','2024-07-10 03:20:42',999),
	 ('KABUPATEN',-6.96667,111.9,15,' TUBAN','KABUPATEN TUBAN','','2024-10-24 03:57:20',1,false,false,'','2024-07-10 03:20:42',999),
	 ('KABUPATEN',-7.13333,112.31667,15,' LAMONGAN','KABUPATEN LAMONGAN','','2024-10-24 03:57:20',1,false,false,'','2024-07-10 03:20:42',999),
	 ('KABUPATEN',-7.1933,112.553,15,' GRESIK','KABUPATEN GRESIK','','2024-10-24 03:57:20',1,false,false,'','2024-07-10 03:20:42',999),
	 ('KABUPATEN',-7.05,112.93333,15,' BANGKALAN','KABUPATEN BANGKALAN','','2024-10-24 03:57:20',1,false,false,'','2024-07-10 03:20:42',999),
	 ('KABUPATEN',-7.05,113.25,15,' SAMPANG','KABUPATEN SAMPANG','','2024-10-24 03:57:20',1,false,false,'','2024-07-10 03:20:42',999),
	 ('KABUPATEN',-7.06667,113.5,15,' PAMEKASAN','KABUPATEN PAMEKASAN','','2024-10-24 03:57:20',1,false,false,'','2024-07-10 03:20:42',999),
	 ('KABUPATEN',-7.11667,114.33333,15,' SUMENEP','KABUPATEN SUMENEP','','2024-10-24 03:57:20',1,false,false,'','2024-07-10 03:20:42',999),
	 ('KOTA',-7.83333,112.01667,15,' KEDIRI','KOTA KEDIRI','','2024-10-24 03:57:20',1,false,false,'','2024-07-10 03:20:42',999),
	 ('KOTA',-8.1,112.16667,15,' BLITAR','KOTA BLITAR','','2024-10-24 03:57:20',1,false,false,'','2024-07-10 03:20:42',999),
	 ('KOTA',-7.975,112.63333,15,' MALANG','KOTA MALANG','','2024-10-24 03:57:20',1,false,false,'','2024-07-10 03:20:42',999),
	 ('KOTA',-7.78333,113.21667,15,' PROBOLINGGO','KOTA PROBOLINGGO','','2024-10-24 03:57:20',1,false,false,'','2024-07-10 03:20:42',999),
	 ('KOTA',-7.65,112.9,15,' PASURUAN','KOTA PASURUAN','','2024-10-24 03:57:20',1,false,false,'','2024-07-10 03:20:42',999),
	 ('KOTA',-7.46667,112.43333,15,' MOJOKERTO','KOTA MOJOKERTO','','2024-10-24 03:57:20',1,false,false,'','2024-07-10 03:20:42',999),
	 ('KOTA',-7.63333,111.53333,15,' MADIUN','KOTA MADIUN','','2024-10-24 03:57:20',1,false,false,'','2024-07-10 03:20:42',999),
	 ('KOTA',-7.26667,112.71667,15,' SURABAYA','KOTA SURABAYA','','2024-10-24 03:57:20',1,false,false,'','2024-07-10 03:20:42',999),
	 ('KOTA',-7.83272,112.53751,15,' BATU','KOTA BATU','','2024-10-24 03:57:20',1,false,false,'','2024-07-10 03:20:42',999),
	 ('KABUPATEN',-6.63333,105.75,16,' PANDEGLANG','KABUPATEN PANDEGLANG','','2024-10-24 03:57:20',1,false,false,'','2024-07-10 03:20:42',999),
	 ('KABUPATEN',-6.65,106.21667,16,' LEBAK','KABUPATEN LEBAK','','2024-10-24 03:57:20',1,false,false,'','2024-07-10 03:20:42',999),
	 ('KABUPATEN',-6.2,106.46667,16,' TANGERANG','KABUPATEN TANGERANG','','2024-10-24 03:57:20',1,false,false,'','2024-07-10 03:20:42',999),
	 ('KABUPATEN',-6.15,106.0,16,' SERANG','KABUPATEN SERANG','','2024-10-24 03:57:20',1,false,false,'','2024-07-10 03:20:42',999),
	 ('KOTA',-6.17944,106.62991,16,' TANGERANG','KOTA TANGERANG','','2024-10-24 03:57:20',1,false,false,'','2024-07-10 03:20:42',999),
	 ('KOTA',-6.01667,106.01667,16,' CILEGON','KOTA CILEGON','','2024-10-24 03:57:20',1,false,false,'','2024-07-10 03:20:42',999),
	 ('KOTA',-6.12563,106.14999,16,' SERANG','KOTA SERANG','','2024-10-24 03:57:20',1,false,false,'','2024-07-10 03:20:42',999),
	 ('KOTA',-6.29373,106.71244,16,' TANGERANG SELATAN','KOTA TANGERANG SELATAN','','2024-10-24 03:57:20',1,false,false,'','2024-07-10 03:20:42',999),
	 ('KABUPATEN',-8.3,114.66667,17,' JEMBRANA','KABUPATEN JEMBRANA','','2024-10-24 03:57:20',1,false,false,'','2024-07-10 03:20:42',999),
	 ('KABUPATEN',-8.43333,115.06667,17,' TABANAN','KABUPATEN TABANAN','','2024-10-24 03:57:20',1,false,false,'','2024-07-10 03:20:42',999),
	 ('KABUPATEN',-8.51667,115.2,17,' BADUNG','KABUPATEN BADUNG','','2024-10-24 03:57:20',1,false,false,'','2024-07-10 03:20:42',999),
	 ('KABUPATEN',-8.46667,115.28333,17,' GIANYAR','KABUPATEN GIANYAR','','2024-10-24 03:57:20',1,false,false,'','2024-07-10 03:20:42',999),
	 ('KABUPATEN',-8.55,115.4,17,' KLUNGKUNG','KABUPATEN KLUNGKUNG','','2024-10-24 03:57:20',1,false,false,'','2024-07-10 03:20:42',999),
	 ('KABUPATEN',-8.28333,115.35,17,' BANGLI','KABUPATEN BANGLI','','2024-10-24 03:57:20',1,false,false,'','2024-07-10 03:20:42',999),
	 ('KABUPATEN',-8.3891,115.5393,17,' KARANG ASEM','KABUPATEN KARANG ASEM','','2024-10-24 03:57:20',1,false,false,'','2024-07-10 03:20:42',999),
	 ('KABUPATEN',-8.25,114.96667,17,' BULELENG','KABUPATEN BULELENG','','2024-10-24 03:57:20',1,false,false,'','2024-07-10 03:20:42',999),
	 ('KOTA',-8.66667,115.21663,17,' DENPASAR','KOTA DENPASAR','','2024-10-24 03:57:20',1,false,false,'','2024-07-10 03:20:42',999),
	 ('KABUPATEN',-8.69583,116.11667,18,' LOMBOK BARAT','KABUPATEN LOMBOK BARAT','','2024-10-24 03:57:20',1,false,false,'','2024-07-10 03:20:42',999),
	 ('KABUPATEN',-8.7,116.3,18,' LOMBOK TENGAH','KABUPATEN LOMBOK TENGAH','','2024-10-24 03:57:20',1,false,false,'','2024-07-10 03:20:42',999),
	 ('KABUPATEN',-8.53333,116.53333,18,' LOMBOK TIMUR','KABUPATEN LOMBOK TIMUR','','2024-10-24 03:57:20',1,false,false,'','2024-07-10 03:20:42',999),
	 ('KABUPATEN',-8.7439,117.3324,18,' SUMBAWA','KABUPATEN SUMBAWA','','2024-10-24 03:57:20',1,false,false,'','2024-07-10 03:20:42',999),
	 ('KABUPATEN',-8.5094,118.4816,18,' DOMPU','KABUPATEN DOMPU','','2024-10-24 03:57:20',1,false,false,'','2024-07-10 03:20:42',999),
	 ('KABUPATEN',-8.6,118.61667,18,' BIMA','KABUPATEN BIMA','','2024-10-24 03:57:20',1,false,false,'','2024-07-10 03:20:42',999),
	 ('KABUPATEN',-8.75159,116.92132,18,' SUMBAWA BARAT','KABUPATEN SUMBAWA BARAT','','2024-10-24 03:57:20',1,false,false,'','2024-07-10 03:20:42',999),
	 ('KABUPATEN',-8.35214,116.40152,18,' LOMBOK UTARA','KABUPATEN LOMBOK UTARA','','2024-10-24 03:57:20',1,false,false,'','2024-07-10 03:20:42',999),
	 ('KOTA',-8.5833,116.1167,18,' MATARAM','KOTA MATARAM','','2024-10-24 03:57:20',1,false,false,'','2024-07-10 03:20:42',999),
	 ('KOTA',-8.46728,118.75259,18,' BIMA','KOTA BIMA','','2024-10-24 03:57:20',1,false,false,'','2024-07-10 03:20:42',999),
	 ('KABUPATEN',-9.56667,119.45,19,' SUMBA BARAT','KABUPATEN SUMBA BARAT','','2024-10-24 03:57:20',1,false,false,'','2024-07-10 03:20:42',999),
	 ('KABUPATEN',-9.88333,120.25,19,' SUMBA TIMUR','KABUPATEN SUMBA TIMUR','','2024-10-24 03:57:20',1,false,false,'','2024-07-10 03:20:42',999),
	 ('KABUPATEN',-9.91667,123.83333,19,' KUPANG','KABUPATEN KUPANG','','2024-10-24 03:57:20',1,false,false,'','2024-07-10 03:20:42',999),
	 ('KABUPATEN',-9.83333,124.4,19,' TIMOR TENGAH SELATAN','KABUPATEN TIMOR TENGAH SELATAN','','2024-10-24 03:57:20',1,false,false,'','2024-07-10 03:20:42',999),
	 ('KABUPATEN',-9.33136,124.51904,19,' TIMOR TENGAH UTARA','KABUPATEN TIMOR TENGAH UTARA','','2024-10-24 03:57:20',1,false,false,'','2024-07-10 03:20:42',999),
	 ('KABUPATEN',-9.41258,124.95066,19,' BELU','KABUPATEN BELU','','2024-10-24 03:57:20',1,false,false,'','2024-07-10 03:20:42',999),
	 ('KABUPATEN',-8.3,124.56667,19,' ALOR','KABUPATEN ALOR','','2024-10-24 03:57:20',1,false,false,'','2024-07-10 03:20:42',999),
	 ('KABUPATEN',-8.41396,123.55225,19,' LEMBATA','KABUPATEN LEMBATA','','2024-10-24 03:57:20',1,false,false,'','2024-07-10 03:20:42',999),
	 ('KABUPATEN',-8.24224,122.96817,19,' FLORES TIMUR','KABUPATEN FLORES TIMUR','','2024-10-24 03:57:20',1,false,false,'','2024-07-10 03:20:42',999),
	 ('KABUPATEN',-8.66667,122.36667,19,' SIKKA','KABUPATEN SIKKA','','2024-10-24 03:57:20',1,false,false,'','2024-07-10 03:20:42',999),
	 ('KABUPATEN',-8.84056,121.66389,19,' ENDE','KABUPATEN ENDE','','2024-10-24 03:57:20',1,false,false,'','2024-07-10 03:20:42',999),
	 ('KABUPATEN',-8.66667,121.0,19,' NGADA','KABUPATEN NGADA','','2024-10-24 03:57:20',1,false,false,'','2024-07-10 03:20:42',999),
	 ('KABUPATEN',-8.56667,120.41667,19,' MANGGARAI','KABUPATEN MANGGARAI','','2024-10-24 03:57:20',1,false,false,'','2024-07-10 03:20:42',999),
	 ('KABUPATEN',-10.73617,123.12054,19,' ROTE NDAO','KABUPATEN ROTE NDAO','','2024-10-24 03:57:20',1,false,false,'','2024-07-10 03:20:42',999),
	 ('KABUPATEN',-8.64484,119.88281,19,' MANGGARAI BARAT','KABUPATEN MANGGARAI BARAT','','2024-10-24 03:57:20',1,false,false,'','2024-07-10 03:20:42',999),
	 ('KABUPATEN',-9.62941,119.61914,19,' SUMBA TENGAH','KABUPATEN SUMBA TENGAH','','2024-10-24 03:57:20',1,false,false,'','2024-07-10 03:20:42',999),
	 ('KABUPATEN',-9.56216,119.08905,19,' SUMBA BARAT DAYA','KABUPATEN SUMBA BARAT DAYA','','2024-10-24 03:57:20',1,false,false,'','2024-07-10 03:20:42',999),
	 ('KABUPATEN',-8.8721,121.20963,19,' NAGEKEO','KABUPATEN NAGEKEO','','2024-10-24 03:57:20',1,false,false,'','2024-07-10 03:20:42',999),
	 ('KABUPATEN',-8.55533,120.59761,19,' MANGGARAI TIMUR','KABUPATEN MANGGARAI TIMUR','','2024-10-24 03:57:20',1,false,false,'','2024-07-10 03:20:42',999),
	 ('KABUPATEN',-10.56286,121.78894,19,' SABU RAIJUA','KABUPATEN SABU RAIJUA','','2024-10-24 03:57:20',1,false,false,'','2024-07-10 03:20:42',999),
	 ('KABUPATEN',-9.5632,124.89481,19,' MALAKA','KABUPATEN MALAKA','','2024-10-24 03:57:20',1,false,false,'','2024-07-10 03:20:42',999),
	 ('KOTA',-10.21667,123.6,19,' KUPANG','KOTA KUPANG','','2024-10-24 03:57:20',1,false,false,'','2024-07-10 03:20:42',999),
	 ('KABUPATEN',1.41667,109.33333,20,' SAMBAS','KABUPATEN SAMBAS','','2024-10-24 03:57:20',1,false,false,'','2024-07-10 03:20:42',999),
	 ('KABUPATEN',1.06911,109.66393,20,' BENGKAYANG','KABUPATEN BENGKAYANG','','2024-10-24 03:57:20',1,false,false,'','2024-07-10 03:20:42',999),
	 ('KABUPATEN',0.42373,109.75917,20,' LANDAK','KABUPATEN LANDAK','','2024-10-24 03:57:20',1,false,false,'','2024-07-10 03:20:42',999),
	 ('KABUPATEN',0.25,109.16667,20,' MEMPAWAH','KABUPATEN MEMPAWAH','','2024-10-24 03:57:20',1,false,false,'','2024-07-10 03:20:42',999),
	 ('KABUPATEN',0.25472,110.45,20,' SANGGAU','KABUPATEN SANGGAU','','2024-10-24 03:57:20',1,false,false,'','2024-07-10 03:20:42',999),
	 ('KABUPATEN',-1.58333,110.5,20,' KETAPANG','KABUPATEN KETAPANG','','2024-10-24 03:57:20',1,false,false,'','2024-07-10 03:20:42',999),
	 ('KABUPATEN',-0.08333,112.08333,20,' SINTANG','KABUPATEN SINTANG','','2024-10-24 03:57:20',1,false,false,'','2024-07-10 03:20:42',999),
	 ('KABUPATEN',0.81667,112.76667,20,' KAPUAS HULU','KABUPATEN KAPUAS HULU','','2024-10-24 03:57:20',1,false,false,'','2024-07-10 03:20:42',999),
	 ('KABUPATEN',0.03485,110.95066,20,' SEKADAU','KABUPATEN SEKADAU','','2024-10-24 03:57:20',1,false,false,'','2024-07-10 03:20:42',999),
	 ('KABUPATEN',-0.33617,111.698,20,' MELAWI','KABUPATEN MELAWI','','2024-10-24 03:57:20',1,false,false,'','2024-07-10 03:20:42',999),
	 ('KABUPATEN',-1.43711,110.79781,20,' KAYONG UTARA','KABUPATEN KAYONG UTARA','','2024-10-24 03:57:20',1,false,false,'','2024-07-10 03:20:42',999),
	 ('KABUPATEN',0.01637,109.33731,20,' KUBU RAYA','KABUPATEN KUBU RAYA','','2024-10-24 03:57:20',1,false,false,'','2024-07-10 03:20:42',999),
	 ('KOTA',-0.08333,109.36667,20,' PONTIANAK','KOTA PONTIANAK','','2024-10-24 03:57:20',1,false,false,'','2024-07-10 03:20:42',999),
	 ('KOTA',0.90734,109.00103,20,' SINGKAWANG','KOTA SINGKAWANG','','2024-10-24 03:57:20',1,false,false,'','2024-07-10 03:20:42',999),
	 ('KABUPATEN',-2.4,111.73333,21,' KOTAWARINGIN BARAT','KABUPATEN KOTAWARINGIN BARAT','','2024-10-24 03:57:20',1,false,false,'','2024-07-10 03:20:42',999),
	 ('KABUPATEN',-2.08333,112.75,21,' KOTAWARINGIN TIMUR','KABUPATEN KOTAWARINGIN TIMUR','','2024-10-24 03:57:20',1,false,false,'','2024-07-10 03:20:42',999),
	 ('KABUPATEN',-2.01667,114.38333,21,' KAPUAS','KABUPATEN KAPUAS','','2024-10-24 03:57:20',1,false,false,'','2024-07-10 03:20:42',999),
	 ('KABUPATEN',-1.86667,114.73333,21,' BARITO SELATAN','KABUPATEN BARITO SELATAN','','2024-10-24 03:57:20',1,false,false,'','2024-07-10 03:20:42',999),
	 ('KABUPATEN',-0.98333,115.1,21,' BARITO UTARA','KABUPATEN BARITO UTARA','','2024-10-24 03:57:20',1,false,false,'','2024-07-10 03:20:42',999),
	 ('KABUPATEN',-2.62675,111.23681,21,' SUKAMARA','KABUPATEN SUKAMARA','','2024-10-24 03:57:20',1,false,false,'','2024-07-10 03:20:42',999),
	 ('KABUPATEN',-1.83828,111.2869,21,' LAMANDAU','KABUPATEN LAMANDAU','','2024-10-24 03:57:20',1,false,false,'','2024-07-10 03:20:42',999),
	 ('KABUPATEN',-2.33333,112.25,21,' SERUYAN','KABUPATEN SERUYAN','','2024-10-24 03:57:20',1,false,false,'','2024-07-10 03:20:42',999),
	 ('KABUPATEN',-2.06667,113.4,21,' KATINGAN','KABUPATEN KATINGAN','','2024-10-24 03:57:20',1,false,false,'','2024-07-10 03:20:42',999),
	 ('KABUPATEN',-3.11858,113.8623,21,' PULANG PISAU','KABUPATEN PULANG PISAU','','2024-10-24 03:57:20',1,false,false,'','2024-07-10 03:20:42',999),
	 ('KABUPATEN',-0.95,113.5,21,' GUNUNG MAS','KABUPATEN GUNUNG MAS','','2024-10-24 03:57:20',1,false,false,'','2024-07-10 03:20:42',999),
	 ('KABUPATEN',-1.93333,115.1,21,' BARITO TIMUR','KABUPATEN BARITO TIMUR','','2024-10-24 03:57:20',1,false,false,'','2024-07-10 03:20:42',999),
	 ('KABUPATEN',-0.01667,114.26667,21,' MURUNG RAYA','KABUPATEN MURUNG RAYA','','2024-10-24 03:57:20',1,false,false,'','2024-07-10 03:20:42',999),
	 ('KOTA',-1.76979,113.73126,21,' PALANGKA RAYA','KOTA PALANGKA RAYA','','2024-10-24 03:57:20',1,false,false,'','2024-07-10 03:20:42',999),
	 ('KABUPATEN',-3.88333,114.86667,22,' TANAH LAUT','KABUPATEN TANAH LAUT','','2024-10-24 03:57:20',1,false,false,'','2024-07-10 03:20:42',999),
	 ('KABUPATEN',-3.0,116.0,22,' KOTA BARU','KABUPATEN KOTA BARU','','2024-10-24 03:57:20',1,false,false,'','2024-07-10 03:20:42',999),
	 ('KABUPATEN',-3.31667,115.08333,22,' BANJAR','KABUPATEN BANJAR','','2024-10-24 03:57:20',1,false,false,'','2024-07-10 03:20:42',999),
	 ('KABUPATEN',-3.08333,114.61667,22,' BARITO KUALA','KABUPATEN BARITO KUALA','','2024-10-24 03:57:20',1,false,false,'','2024-07-10 03:20:42',999),
	 ('KABUPATEN',-2.91667,115.03333,22,' TAPIN','KABUPATEN TAPIN','','2024-10-24 03:57:20',1,false,false,'','2024-07-10 03:20:42',999),
	 ('KABUPATEN',-2.75,115.2,22,' HULU SUNGAI SELATAN','KABUPATEN HULU SUNGAI SELATAN','','2024-10-24 03:57:20',1,false,false,'','2024-07-10 03:20:42',999),
	 ('KABUPATEN',-2.61667,115.41667,22,' HULU SUNGAI TENGAH','KABUPATEN HULU SUNGAI TENGAH','','2024-10-24 03:57:20',1,false,false,'','2024-07-10 03:20:42',999),
	 ('KABUPATEN',-2.45,115.13333,22,' HULU SUNGAI UTARA','KABUPATEN HULU SUNGAI UTARA','','2024-10-24 03:57:20',1,false,false,'','2024-07-10 03:20:42',999),
	 ('KABUPATEN',-1.88333,115.5,22,' TABALONG','KABUPATEN TABALONG','','2024-10-24 03:57:20',1,false,false,'','2024-07-10 03:20:42',999),
	 ('KABUPATEN',-3.45413,115.70372,22,' TANAH BUMBU','KABUPATEN TANAH BUMBU','','2024-10-24 03:57:20',1,false,false,'','2024-07-10 03:20:42',999),
	 ('KABUPATEN',-2.32314,115.62922,22,' BALANGAN','KABUPATEN BALANGAN','','2024-10-24 03:57:20',1,false,false,'','2024-07-10 03:20:42',999),
	 ('KOTA',-3.32444,114.59102,22,' BANJARMASIN','KOTA BANJARMASIN','','2024-10-24 03:57:20',1,false,false,'','2024-07-10 03:20:42',999),
	 ('KOTA',-3.41667,114.83333,22,' BANJAR BARU','KOTA BANJAR BARU','','2024-10-24 03:57:20',1,false,false,'','2024-07-10 03:20:42',999),
	 ('KABUPATEN',-1.43517,116.23535,23,' PASER','KABUPATEN PASER','','2024-10-24 03:57:20',1,false,false,'','2024-07-10 03:20:42',999),
	 ('KABUPATEN',-0.59417,115.51575,23,' KUTAI BARAT','KABUPATEN KUTAI BARAT','','2024-10-24 03:57:20',1,false,false,'','2024-07-10 03:20:42',999),
	 ('KABUPATEN',-0.44019,116.98139,23,' KUTAI KARTANEGARA','KABUPATEN KUTAI KARTANEGARA','','2024-10-24 03:57:20',1,false,false,'','2024-07-10 03:20:42',999),
	 ('KABUPATEN',1.03769,117.83112,23,' KUTAI TIMUR','KABUPATEN KUTAI TIMUR','','2024-10-24 03:57:20',1,false,false,'','2024-07-10 03:20:42',999),
	 ('KABUPATEN',2.0,117.3,23,' BERAU','KABUPATEN BERAU','','2024-10-24 03:57:20',1,false,false,'','2024-07-10 03:20:42',999),
	 ('KABUPATEN',-1.25,116.83333,23,' PENAJAM PASER UTARA','KABUPATEN PENAJAM PASER UTARA','','2024-10-24 03:57:20',1,false,false,'','2024-07-10 03:20:42',999),
	 ('KABUPATEN',0.37822,115.38048,23,' MAHAKAM HULU','KABUPATEN MAHAKAM HULU','','2024-10-24 03:57:20',1,false,false,'','2024-07-10 03:20:42',999),
	 ('KOTA',-1.16667,116.88333,23,' BALIKPAPAN','KOTA BALIKPAPAN','','2024-10-24 03:57:20',1,false,false,'','2024-07-10 03:20:42',999),
	 ('KOTA',-0.43333,117.18333,23,' SAMARINDA','KOTA SAMARINDA','','2024-10-24 03:57:20',1,false,false,'','2024-07-10 03:20:42',999),
	 ('KOTA',0.12526,117.49603,23,' BONTANG','KOTA BONTANG','','2024-10-24 03:57:20',1,false,false,'','2024-07-10 03:20:42',999),
	 ('KABUPATEN',2.45,115.68333,24,' MALINAU','KABUPATEN MALINAU','','2024-10-24 03:57:20',1,false,false,'','2024-07-10 03:20:42',999),
	 ('KABUPATEN',3.0,117.16667,24,' BULUNGAN','KABUPATEN BULUNGAN','','2024-10-24 03:57:20',1,false,false,'','2024-07-10 03:20:42',999),
	 ('KABUPATEN',3.55,117.25,24,' TANA TIDUNG','KABUPATEN TANA TIDUNG','','2024-10-24 03:57:20',1,false,false,'','2024-07-10 03:20:42',999),
	 ('KABUPATEN',4.13333,116.7,24,' NUNUKAN','KABUPATEN NUNUKAN','','2024-10-24 03:57:20',1,false,false,'','2024-07-10 03:20:42',999),
	 ('KOTA',3.36667,117.6,24,' TARAKAN','KOTA TARAKAN','','2024-10-24 03:57:20',1,false,false,'','2024-07-10 03:20:42',999),
	 ('KABUPATEN',0.75,124.08333,25,' BOLAANG MONGONDOW','KABUPATEN BOLAANG MONGONDOW','','2024-10-24 03:57:20',1,false,false,'','2024-07-10 03:20:42',999),
	 ('KABUPATEN',1.2537,124.83,25,' MINAHASA','KABUPATEN MINAHASA','','2024-10-24 03:57:20',1,false,false,'','2024-07-10 03:20:42',999),
	 ('KABUPATEN',3.5,125.55,25,' KEPULAUAN SANGIHE','KABUPATEN KEPULAUAN SANGIHE','','2024-10-24 03:57:20',1,false,false,'','2024-07-10 03:20:42',999),
	 ('KABUPATEN',4.31178,126.78085,25,' KEPULAUAN TALAUD','KABUPATEN KEPULAUAN TALAUD','','2024-10-24 03:57:20',1,false,false,'','2024-07-10 03:20:42',999),
	 ('KABUPATEN',1.21291,124.59708,25,' MINAHASA SELATAN','KABUPATEN MINAHASA SELATAN','','2024-10-24 03:57:20',1,false,false,'','2024-07-10 03:20:42',999),
	 ('KABUPATEN',1.4025,124.96,25,' MINAHASA UTARA','KABUPATEN MINAHASA UTARA','','2024-10-24 03:57:20',1,false,false,'','2024-07-10 03:20:42',999),
	 ('KABUPATEN',0.78527,123.41766,25,' BOLAANG MONGONDOW UTARA','KABUPATEN BOLAANG MONGONDOW UTARA','','2024-10-24 03:57:20',1,false,false,'','2024-07-10 03:20:42',999),
	 ('KABUPATEN',2.11728,125.37512,25,' SIAU TAGULANDANG BIARO','KABUPATEN SIAU TAGULANDANG BIARO','','2024-10-24 03:57:20',1,false,false,'','2024-07-10 03:20:42',999),
	 ('KABUPATEN',1.05633,124.7925,25,' MINAHASA TENGGARA','KABUPATEN MINAHASA TENGGARA','','2024-10-24 03:57:20',1,false,false,'','2024-07-10 03:20:42',999),
	 ('KABUPATEN',0.40912,123.75961,25,' BOLAANG MONGONDOW SELATAN','KABUPATEN BOLAANG MONGONDOW SELATAN','','2024-10-24 03:57:20',1,false,false,'','2024-07-10 03:20:42',999),
	 ('KABUPATEN',0.72073,124.50256,25,' BOLAANG MONGONDOW TIMUR','KABUPATEN BOLAANG MONGONDOW TIMUR','','2024-10-24 03:57:20',1,false,false,'','2024-07-10 03:20:42',999),
	 ('KOTA',1.51667,124.88333,25,' MANADO','KOTA MANADO','','2024-10-24 03:57:20',1,false,false,'','2024-07-10 03:20:42',999),
	 ('KOTA',1.48333,125.15,25,' BITUNG','KOTA BITUNG','','2024-10-24 03:57:20',1,false,false,'','2024-07-10 03:20:42',999),
	 ('KOTA',1.31307,124.83404,25,' TOMOHON','KOTA TOMOHON','','2024-10-24 03:57:20',1,false,false,'','2024-07-10 03:20:42',999),
	 ('KOTA',0.68915,124.32678,25,' MOBAGU','KOTA KOTAMOBAGU','','2024-10-24 03:57:20',1,false,false,'','2024-07-10 03:20:42',999),
	 ('KABUPATEN',-1.6424,123.54881,26,' BANGGAI KEPULAUAN','KABUPATEN BANGGAI KEPULAUAN','','2024-10-24 03:57:20',1,false,false,'','2024-07-10 03:20:42',999),
	 ('KABUPATEN',-1.2835,122.8892,26,' BANGGAI','KABUPATEN BANGGAI','','2024-10-24 03:57:20',1,false,false,'','2024-07-10 03:20:42',999),
	 ('KABUPATEN',-1.89342,121.25473,26,' MOROWALI','KABUPATEN MOROWALI','','2024-10-24 03:57:20',1,false,false,'','2024-07-10 03:20:42',999),
	 ('KABUPATEN',-1.65,120.5,26,' POSO','KABUPATEN POSO','','2024-10-24 03:57:20',1,false,false,'','2024-07-10 03:20:42',999),
	 ('KABUPATEN',-0.58333,119.85,26,' DONGGALA','KABUPATEN DONGGALA','','2024-10-24 03:57:20',1,false,false,'','2024-07-10 03:20:42',999),
	 ('KABUPATEN',1.30862,120.88643,26,' TOLI-TOLI','KABUPATEN TOLI-TOLI','','2024-10-24 03:57:20',1,false,false,'','2024-07-10 03:20:42',999),
	 ('KABUPATEN',0.75,120.75,26,' BUOL','KABUPATEN BUOL','','2024-10-24 03:57:20',1,false,false,'','2024-07-10 03:20:42',999),
	 ('KABUPATEN',0.3368,120.17841,26,' PARIGI MOUTONG','KABUPATEN PARIGI MOUTONG','','2024-10-24 03:57:20',1,false,false,'','2024-07-10 03:20:42',999),
	 ('KABUPATEN',-1.2036,121.48201,26,' TOJO UNA-UNA','KABUPATEN TOJO UNA-UNA','','2024-10-24 03:57:20',1,false,false,'','2024-07-10 03:20:42',999),
	 ('KABUPATEN',-1.385,119.96694,26,' SIGI','KABUPATEN SIGI','','2024-10-24 03:57:20',1,false,false,'','2024-07-10 03:20:42',999),
	 ('KABUPATEN',-1.61841,123.49388,26,' BANGGAI LAUT','KABUPATEN BANGGAI LAUT','','2024-10-24 03:57:20',1,false,false,'','2024-07-10 03:20:42',999),
	 ('KABUPATEN',-1.7207,121.24649,26,' MOROWALI UTARA','KABUPATEN MOROWALI UTARA','','2024-10-24 03:57:20',1,false,false,'','2024-07-10 03:20:42',999),
	 ('KOTA',-0.86972,119.9,26,' PALU','KOTA PALU','','2024-10-24 03:57:20',1,false,false,'','2024-07-10 03:20:42',999),
	 ('KABUPATEN',-6.81667,120.8,27,' KEPULAUAN SELAYAR','KABUPATEN KEPULAUAN SELAYAR','','2024-10-24 03:57:20',1,false,false,'','2024-07-10 03:20:42',999),
	 ('KABUPATEN',-5.41667,120.23333,27,' BULUKUMBA','KABUPATEN BULUKUMBA','','2024-10-24 03:57:20',1,false,false,'','2024-07-10 03:20:42',999),
	 ('KABUPATEN',-5.48333,119.98333,27,' BANTAENG','KABUPATEN BANTAENG','','2024-10-24 03:57:20',1,false,false,'','2024-07-10 03:20:42',999),
	 ('KABUPATEN',-5.63333,119.73333,27,' JENEPONTO','KABUPATEN JENEPONTO','','2024-10-24 03:57:20',1,false,false,'','2024-07-10 03:20:42',999),
	 ('KABUPATEN',-5.41667,119.51667,27,' TAKALAR','KABUPATEN TAKALAR','','2024-10-24 03:57:20',1,false,false,'','2024-07-10 03:20:42',999),
	 ('KABUPATEN',-5.31667,119.75,27,' GOWA','KABUPATEN GOWA','','2024-10-24 03:57:20',1,false,false,'','2024-07-10 03:20:42',999),
	 ('KABUPATEN',-5.21667,120.15,27,' SINJAI','KABUPATEN SINJAI','','2024-10-24 03:57:20',1,false,false,'','2024-07-10 03:20:42',999),
	 ('KABUPATEN',-5.05,119.71667,27,' MAROS','KABUPATEN MAROS','','2024-10-24 03:57:20',1,false,false,'','2024-07-10 03:20:42',999),
	 ('KABUPATEN',-4.7827,119.5506,27,' PANGKAJENE DAN KEPULAUAN','KABUPATEN PANGKAJENE DAN KEPULAUAN','','2024-10-24 03:57:20',1,false,false,'','2024-07-10 03:20:42',999),
	 ('KABUPATEN',-4.43333,119.68333,27,' BARRU','KABUPATEN BARRU','','2024-10-24 03:57:20',1,false,false,'','2024-07-10 03:20:42',999),
	 ('KABUPATEN',-4.7,120.13333,27,' BONE','KABUPATEN BONE','','2024-10-24 03:57:20',1,false,false,'','2024-07-10 03:20:42',999),
	 ('KABUPATEN',-4.3842,119.89,27,' SOPPENG','KABUPATEN SOPPENG','','2024-10-24 03:57:20',1,false,false,'','2024-07-10 03:20:42',999),
	 ('KABUPATEN',-4.0,120.16667,27,' WAJO','KABUPATEN WAJO','','2024-10-24 03:57:20',1,false,false,'','2024-07-10 03:20:42',999),
	 ('KABUPATEN',-3.85,119.96667,27,' SIDENRENG RAPPANG','KABUPATEN SIDENRENG RAPPANG','','2024-10-24 03:57:20',1,false,false,'','2024-07-10 03:20:42',999),
	 ('KABUPATEN',-3.61667,119.6,27,' PINRANG','KABUPATEN PINRANG','','2024-10-24 03:57:20',1,false,false,'','2024-07-10 03:20:42',999),
	 ('KABUPATEN',-3.5,119.86667,27,' ENREKANG','KABUPATEN ENREKANG','','2024-10-24 03:57:20',1,false,false,'','2024-07-10 03:20:42',999),
	 ('KABUPATEN',-2.5577,121.3242,27,' LUWU','KABUPATEN LUWU','','2024-10-24 03:57:20',1,false,false,'','2024-07-10 03:20:42',999),
	 ('KABUPATEN',-3.0024,119.79655,27,' TANA TORAJA','KABUPATEN TANA TORAJA','','2024-10-24 03:57:20',1,false,false,'','2024-07-10 03:20:42',999),
	 ('KABUPATEN',-2.6,120.25,27,' LUWU UTARA','KABUPATEN LUWU UTARA','','2024-10-24 03:57:20',1,false,false,'','2024-07-10 03:20:42',999),
	 ('KABUPATEN',-2.50957,120.3978,27,' LUWU TIMUR','KABUPATEN LUWU TIMUR','','2024-10-24 03:57:20',1,false,false,'','2024-07-10 03:20:42',999),
	 ('KABUPATEN',-2.92738,119.79218,27,' TORAJA UTARA','KABUPATEN TORAJA UTARA','','2024-10-24 03:57:20',1,false,false,'','2024-07-10 03:20:42',999),
	 ('KOTA',-5.15,119.45,27,' MAKASSAR','KOTA MAKASSAR','','2024-10-24 03:57:20',1,false,false,'','2024-07-10 03:20:42',999),
	 ('KOTA',-4.03333,119.65,27,'PARE-PARE','KOTA PARE-PARE','','2024-10-24 03:57:20',1,false,false,'','2024-07-10 03:20:42',999),
	 ('KOTA',-2.97841,120.11078,27,' PALOPO','KOTA PALOPO','','2024-10-24 03:57:20',1,false,false,'','2024-07-10 03:20:42',999),
	 ('KABUPATEN',-5.31667,122.58333,28,' BUTON','KABUPATEN BUTON','','2024-10-24 03:57:20',1,false,false,'','2024-07-10 03:20:42',999),
	 ('KABUPATEN',-4.96667,122.66667,28,' MUNA','KABUPATEN MUNA','','2024-10-24 03:57:20',1,false,false,'','2024-07-10 03:20:42',999),
	 ('KABUPATEN',-3.91717,122.08823,28,' KONAWE','KABUPATEN KONAWE','','2024-10-24 03:57:20',1,false,false,'','2024-07-10 03:20:42',999),
	 ('KABUPATEN',-4.08333,121.66667,28,' KOLAKA','KABUPATEN KOLAKA','','2024-10-24 03:57:20',1,false,false,'','2024-07-10 03:20:42',999),
	 ('KABUPATEN',-4.19191,122.44854,28,' KONAWE SELATAN','KABUPATEN KONAWE SELATAN','','2024-10-24 03:57:20',1,false,false,'','2024-07-10 03:20:42',999),
	 ('KABUPATEN',-4.6257,121.81641,28,' BOMBANA','KABUPATEN BOMBANA','','2024-10-24 03:57:20',1,false,false,'','2024-07-10 03:20:42',999),
	 ('KABUPATEN',-5.31934,123.5948,28,' WAKATOBI','KABUPATEN WAKATOBI','','2024-10-24 03:57:20',1,false,false,'','2024-07-10 03:20:42',999),
	 ('KABUPATEN',-3.10452,121.12427,28,' KOLAKA UTARA','KABUPATEN KOLAKA UTARA','','2024-10-24 03:57:20',1,false,false,'','2024-07-10 03:20:42',999),
	 ('KABUPATEN',-5.01457,122.93015,28,' BUTON UTARA','KABUPATEN BUTON UTARA','','2024-10-24 03:57:20',1,false,false,'','2024-07-10 03:20:42',999),
	 ('KABUPATEN',-3.41552,121.99081,28,' KONAWE UTARA','KABUPATEN KONAWE UTARA','','2024-10-24 03:57:20',1,false,false,'','2024-07-10 03:20:42',999),
	 ('KABUPATEN',-4.01807,121.86172,28,' KOLAKA TIMUR','KABUPATEN KOLAKA TIMUR','','2024-10-24 03:57:20',1,false,false,'','2024-07-10 03:20:42',999),
	 ('KABUPATEN',-4.11656,123.10181,28,' KONAWE KEPULAUAN','KABUPATEN KONAWE KEPULAUAN','','2024-10-24 03:57:20',1,false,false,'','2024-07-10 03:20:42',999),
	 ('KABUPATEN',-4.83333,122.48333,28,' MUNA BARAT','KABUPATEN MUNA BARAT','','2024-10-24 03:57:20',1,false,false,'','2024-07-10 03:20:42',999),
	 ('KABUPATEN',-5.31667,122.33333,28,' BUTON TENGAH','KABUPATEN BUTON TENGAH','','2024-10-24 03:57:20',1,false,false,'','2024-07-10 03:20:42',999),
	 ('KABUPATEN',-5.56667,122.7,28,' BUTON SELATAN','KABUPATEN BUTON SELATAN','','2024-10-24 03:57:20',1,false,false,'','2024-07-10 03:20:42',999),
	 ('KOTA',-3.98333,122.5,28,' KENDARI','KOTA KENDARI','','2024-10-24 03:57:20',1,false,false,'','2024-07-10 03:20:42',999),
	 ('KOTA',-5.477,122.6166,28,' BAUBAU','KOTA BAUBAU','','2024-10-24 03:57:20',1,false,false,'','2024-07-10 03:20:42',999),
	 ('KABUPATEN',0.62689,122.3568,29,' BOALEMO','KABUPATEN BOALEMO','','2024-10-24 03:57:20',1,false,false,'','2024-07-10 03:20:42',999),
	 ('KABUPATEN',0.5728,122.2337,29,' GORONTALO','KABUPATEN GORONTALO','','2024-10-24 03:57:20',1,false,false,'','2024-07-10 03:20:42',999),
	 ('KABUPATEN',0.7098,121.59582,29,' POHUWATO','KABUPATEN POHUWATO','','2024-10-24 03:57:20',1,false,false,'','2024-07-10 03:20:42',999),
	 ('KABUPATEN',0.50296,123.27501,29,' BONE BOLANGO','KABUPATEN BONE BOLANGO','','2024-10-24 03:57:20',1,false,false,'','2024-07-10 03:20:42',999),
	 ('KABUPATEN',0.77,122.31667,29,' GORONTALO UTARA','KABUPATEN GORONTALO UTARA','','2024-10-24 03:57:20',1,false,false,'','2024-07-10 03:20:42',999),
	 ('KOTA',0.53333,123.1,29,' GORONTALO','KOTA GORONTALO','','2024-10-24 03:57:20',1,false,false,'','2024-07-10 03:20:42',999),
	 ('KABUPATEN',-3.15,118.86667,30,' MAJENE','KABUPATEN MAJENE','','2024-10-24 03:57:20',1,false,false,'','2024-07-10 03:20:42',999),
	 ('KABUPATEN',-3.3,119.16667,30,' POLEWALI MANDAR','KABUPATEN POLEWALI MANDAR','','2024-10-24 03:57:20',1,false,false,'','2024-07-10 03:20:42',999),
	 ('KABUPATEN',-2.96492,119.30631,30,' MAMASA','KABUPATEN MAMASA','','2024-10-24 03:57:20',1,false,false,'','2024-07-10 03:20:42',999),
	 ('KABUPATEN',-2.5,119.41667,30,' MAMUJU','KABUPATEN MAMUJU','','2024-10-24 03:57:20',1,false,false,'','2024-07-10 03:20:42',999),
	 ('KABUPATEN',-1.51639,119.42139,30,' MAMUJU UTARA','KABUPATEN MAMUJU UTARA','','2024-10-24 03:57:20',1,false,false,'','2024-07-10 03:20:42',999),
	 ('KABUPATEN',-2.8212,119.2662,30,' MAMUJU TENGAH','KABUPATEN MAMUJU TENGAH','','2024-10-24 03:57:20',1,false,false,'','2024-07-10 03:20:42',999),
	 ('KABUPATEN',-7.61186,131.38,31,' MALUKU TENGGARA BARAT','KABUPATEN MALUKU TENGGARA BARAT','','2024-10-24 03:57:20',1,false,false,'','2024-07-10 03:20:42',999),
	 ('KABUPATEN',-5.75,132.73334,31,' MALUKU TENGGARA','KABUPATEN MALUKU TENGGARA','','2024-10-24 03:57:20',1,false,false,'','2024-07-10 03:20:42',999),
	 ('KABUPATEN',-3.29167,128.9675,31,' MALUKU TENGAH','KABUPATEN MALUKU TENGAH','','2024-10-24 03:57:20',1,false,false,'','2024-07-10 03:20:42',999),
	 ('KABUPATEN',-3.32767,126.68413,31,' BURU','KABUPATEN BURU','','2024-10-24 03:57:20',1,false,false,'','2024-07-10 03:20:42',999),
	 ('KABUPATEN',-6.17059,134.46991,31,' KEPULAUAN ARU','KABUPATEN KEPULAUAN ARU','','2024-10-24 03:57:20',1,false,false,'','2024-07-10 03:20:42',999),
	 ('KABUPATEN',-3.1027,128.42996,31,' SERAM BAGIAN BARAT','KABUPATEN SERAM BAGIAN BARAT','','2024-10-24 03:57:20',1,false,false,'','2024-07-10 03:20:42',999),
	 ('KABUPATEN',-3.39851,130.39166,31,' SERAM BAGIAN TIMUR','KABUPATEN SERAM BAGIAN TIMUR','','2024-10-24 03:57:20',1,false,false,'','2024-07-10 03:20:42',999),
	 ('KABUPATEN',-7.8296,126.17386,31,' MALUKU BARAT DAYA','KABUPATEN MALUKU BARAT DAYA','','2024-10-24 03:57:20',1,false,false,'','2024-07-10 03:20:42',999),
	 ('KABUPATEN',-3.52187,126.59271,31,' BURU SELATAN','KABUPATEN BURU SELATAN','','2024-10-24 03:57:20',1,false,false,'','2024-07-10 03:20:42',999),
	 ('KOTA',-3.7,128.18333,31,' AMBON','KOTA AMBON','','2024-10-24 03:57:20',1,false,false,'','2024-07-10 03:20:42',999),
	 ('KOTA',-5.64301,132.74934,31,' TUAL','KOTA TUAL','','2024-10-24 03:57:20',1,false,false,'','2024-07-10 03:20:42',999),
	 ('KABUPATEN',1.41709,127.55264,32,' HALMAHERA BARAT','KABUPATEN HALMAHERA BARAT','','2024-10-24 03:57:20',1,false,false,'','2024-07-10 03:20:42',999),
	 ('KABUPATEN',0.48056,128.25,32,' HALMAHERA TENGAH','KABUPATEN HALMAHERA TENGAH','','2024-10-24 03:57:20',1,false,false,'','2024-07-10 03:20:42',999),
	 ('KABUPATEN',-1.8646,125.69046,32,' KEPULAUAN SULA','KABUPATEN KEPULAUAN SULA','','2024-10-24 03:57:20',1,false,false,'','2024-07-10 03:20:42',999),
	 ('KABUPATEN',-0.3955,127.90833,32,' HALMAHERA SELATAN','KABUPATEN HALMAHERA SELATAN','','2024-10-24 03:57:20',1,false,false,'','2024-07-10 03:20:42',999),
	 ('KABUPATEN',1.73194,128.00778,32,' HALMAHERA UTARA','KABUPATEN HALMAHERA UTARA','','2024-10-24 03:57:20',1,false,false,'','2024-07-10 03:20:42',999),
	 ('KABUPATEN',1.33517,128.48627,32,' HALMAHERA TIMUR','KABUPATEN HALMAHERA TIMUR','','2024-10-24 03:57:20',1,false,false,'','2024-07-10 03:20:42',999),
	 ('KABUPATEN',2.19924,128.40546,32,' PULAU MOROTAI','KABUPATEN PULAU MOROTAI','','2024-10-24 03:57:20',1,false,false,'','2024-07-10 03:20:42',999),
	 ('KABUPATEN',-1.84578,124.78992,32,' PULAU TALIABU','KABUPATEN PULAU TALIABU','','2024-10-24 03:57:20',1,false,false,'','2024-07-10 03:20:42',999),
	 ('KOTA',0.89618,127.31016,32,' TERNATE','KOTA TERNATE','','2024-10-24 03:57:20',1,false,false,'','2024-07-10 03:20:42',999),
	 ('KOTA',0.60962,127.56981,32,' TIDORE KEPULAUAN','KOTA TIDORE KEPULAUAN','','2024-10-24 03:57:20',1,false,false,'','2024-07-10 03:20:42',999),
	 ('KABUPATEN',-2.92641,132.29608,33,'FAK-FAK','KABUPATEN FAK-FAK','','2024-10-24 03:57:20',1,false,false,'','2024-07-10 03:20:42',999),
	 ('KABUPATEN',-3.66093,133.77451,33,' KAIMANA','KABUPATEN KAIMANA','','2024-10-24 03:57:20',1,false,false,'','2024-07-10 03:20:42',999),
	 ('KABUPATEN',-2.7,134.5,33,' TELUK WONDAMA','KABUPATEN TELUK WONDAMA','','2024-10-24 03:57:20',1,false,false,'','2024-07-10 03:20:42',999),
	 ('KABUPATEN',-1.88037,133.33105,33,' TELUK BINTUNI','KABUPATEN TELUK BINTUNI','','2024-10-24 03:57:20',1,false,false,'','2024-07-10 03:20:42',999),
	 ('KABUPATEN',-0.9,133.75,33,' MANOKWARI','KABUPATEN MANOKWARI','','2024-10-24 03:57:20',1,false,false,'','2024-07-10 03:20:42',999),
	 ('KABUPATEN',-1.50495,132.28638,33,' SORONG SELATAN','KABUPATEN SORONG SELATAN','','2024-10-24 03:57:20',1,false,false,'','2024-07-10 03:20:42',999),
	 ('KABUPATEN',-1.16667,131.5,33,' SORONG','KABUPATEN SORONG','','2024-10-24 03:57:20',1,false,false,'','2024-07-10 03:20:42',999),
	 ('KABUPATEN',-0.5,130.0,33,' RAJA AMPAT','KABUPATEN RAJA AMPAT','','2024-10-24 03:57:20',1,false,false,'','2024-07-10 03:20:42',999),
	 ('KABUPATEN',-0.60515,132.48962,33,' TAMBRAUW','KABUPATEN TAMBRAUW','','2024-10-24 03:57:20',1,false,false,'','2024-07-10 03:20:42',999),
	 ('KABUPATEN',-1.2155,132.35092,33,' MAYBRAT','KABUPATEN MAYBRAT','','2024-10-24 03:57:20',1,false,false,'','2024-07-10 03:20:42',999),
	 ('KABUPATEN',-1.0798,133.96729,33,' MANOKWARI SELATAN','KABUPATEN MANOKWARI SELATAN','','2024-10-24 03:57:20',1,false,false,'','2024-07-10 03:20:42',999),
	 ('KABUPATEN',-0.93523,133.89587,33,' PEGUNUNGAN ARFAK','KABUPATEN PEGUNUNGAN ARFAK','','2024-10-24 03:57:20',1,false,false,'','2024-07-10 03:20:42',999),
	 ('KOTA',-0.86507,131.25153,33,' SORONG','KOTA SORONG','','2024-10-24 03:57:20',1,false,false,'','2024-07-10 03:20:42',999),
	 ('KABUPATEN',-7.66667,139.66667,34,' MERAUKE','KABUPATEN MERAUKE','','2024-10-24 03:57:20',1,false,false,'','2024-07-10 03:20:42',999),
	 ('KABUPATEN',-4.08333,139.08333,34,' JAYAWIJAYA','KABUPATEN JAYAWIJAYA','','2024-10-24 03:57:20',1,false,false,'','2024-07-10 03:20:42',999),
	 ('KABUPATEN',-3.0,139.95,34,' JAYAPURA','KABUPATEN JAYAPURA','','2024-10-24 03:57:20',1,false,false,'','2024-07-10 03:20:42',999),
	 ('KABUPATEN',-3.54016,135.55511,34,' NABIRE','KABUPATEN NABIRE','','2024-10-24 03:57:20',1,false,false,'','2024-07-10 03:20:42',999),
	 ('KABUPATEN',-1.78773,136.27716,34,' KEPULAUAN YAPEN','KABUPATEN KEPULAUAN YAPEN','','2024-10-24 03:57:20',1,false,false,'','2024-07-10 03:20:42',999),
	 ('KABUPATEN',-1.03333,136.0,34,' BIAK NUMFOR','KABUPATEN BIAK NUMFOR','','2024-10-24 03:57:20',1,false,false,'','2024-07-10 03:20:42',999),
	 ('KABUPATEN',-3.9,136.60001,34,' PANIAI','KABUPATEN PANIAI','','2024-10-24 03:57:20',1,false,false,'','2024-07-10 03:20:42',999),
	 ('KABUPATEN',-3.67241,137.43896,34,' PUNCAK JAYA','KABUPATEN PUNCAK JAYA','','2024-10-24 03:57:20',1,false,false,'','2024-07-10 03:20:42',999),
	 ('KABUPATEN',-4.54357,136.56555,34,' MIMIKA','KABUPATEN MIMIKA','','2024-10-24 03:57:20',1,false,false,'','2024-07-10 03:20:42',999),
	 ('KABUPATEN',-5.70519,140.36349,34,' BOVEN DIGOEL','KABUPATEN BOVEN DIGOEL','','2024-10-24 03:57:20',1,false,false,'','2024-07-10 03:20:42',999),
	 ('KABUPATEN',-6.49971,139.34441,34,' MAPPI','KABUPATEN MAPPI','','2024-10-24 03:57:20',1,false,false,'','2024-07-10 03:20:42',999),
	 ('KABUPATEN',-5.3795,138.46344,34,' ASMAT','KABUPATEN ASMAT','','2024-10-24 03:57:20',1,false,false,'','2024-07-10 03:20:42',999),
	 ('KABUPATEN',-4.60403,139.58405,34,' YAHUKIMO','KABUPATEN YAHUKIMO','','2024-10-24 03:57:20',1,false,false,'','2024-07-10 03:20:42',999),
	 ('KABUPATEN',-4.52167,140.29541,34,' PEGUNUNGAN BINTANG','KABUPATEN PEGUNUNGAN BINTANG','','2024-10-24 03:57:20',1,false,false,'','2024-07-10 03:20:42',999),
	 ('KABUPATEN',-3.42661,137.41699,34,' TOLIKARA','KABUPATEN TOLIKARA','','2024-10-24 03:57:20',1,false,false,'','2024-07-10 03:20:42',999),
	 ('KABUPATEN',-2.41667,139.08333,34,' SARMI','KABUPATEN SARMI','','2024-10-24 03:57:20',1,false,false,'','2024-07-10 03:20:42',999),
	 ('KABUPATEN',-3.3,140.61667,34,' KEEROM','KABUPATEN KEEROM','','2024-10-24 03:57:20',1,false,false,'','2024-07-10 03:20:42',999),
	 ('KABUPATEN',-2.286,137.01837,34,' WAROPEN','KABUPATEN WAROPEN','','2024-10-24 03:57:20',1,false,false,'','2024-07-10 03:20:42',999),
	 ('KABUPATEN',-0.73881,135.61111,34,' SUPIORI','KABUPATEN SUPIORI','','2024-10-24 03:57:20',1,false,false,'','2024-07-10 03:20:42',999),
	 ('KABUPATEN',-2.23561,137.78229,34,' MAMBERAMO RAYA','KABUPATEN MAMBERAMO RAYA','','2024-10-24 03:57:20',1,false,false,'','2024-07-10 03:20:42',999),
	 ('KABUPATEN',-4.45093,138.10089,34,' NDUGA','KABUPATEN NDUGA','','2024-10-24 03:57:20',1,false,false,'','2024-07-10 03:20:42',999),
	 ('KABUPATEN',-3.91244,138.28766,34,' LANNY JAYA','KABUPATEN LANNY JAYA','','2024-10-24 03:57:20',1,false,false,'','2024-07-10 03:20:42',999),
	 ('KABUPATEN',-2.46064,138.45245,34,' MAMBERAMO TENGAH','KABUPATEN MAMBERAMO TENGAH','','2024-10-24 03:57:20',1,false,false,'','2024-07-10 03:20:42',999),
	 ('KABUPATEN',-3.86037,138.47305,34,' YALIMO','KABUPATEN YALIMO','','2024-10-24 03:57:20',1,false,false,'','2024-07-10 03:20:42',999),
	 ('KABUPATEN',-4.14204,137.09702,34,' PUNCAK','KABUPATEN PUNCAK','','2024-10-24 03:57:20',1,false,false,'','2024-07-10 03:20:42',999),
	 ('KABUPATEN',-4.03186,135.43945,34,' DOGIYAI','KABUPATEN DOGIYAI','','2024-10-24 03:57:20',1,false,false,'','2024-07-10 03:20:42',999),
	 ('KABUPATEN',-3.41016,136.70837,34,' INTAN JAYA','KABUPATEN INTAN JAYA','','2024-10-24 03:57:20',1,false,false,'','2024-07-10 03:20:42',999),
	 ('KABUPATEN',-3.94737,135.95032,34,' DEIYAI','KABUPATEN DEIYAI','','2024-10-24 03:57:20',1,false,false,'','2024-07-10 03:20:42',999),
	 ('KOTA',-2.64647,140.77779,34,' JAYAPURA','KOTA JAYAPURA','','2024-10-24 03:57:20',1,false,false,'','2024-07-10 03:20:42',999);


INSERT INTO mnt_bidang_jabatan
(code, jabatan_code, name, description, updated_by, last_updated, version, delete_flag, inactive_flag, created_by, date_created, idx) VALUES
    ('BJ1', 'JB1', 'Perdagangan dalam negeri', '', '', CURRENT_TIMESTAMP, 1, false, false, '', '2024-07-06 09:14:34', 1),
    ('BJ2', 'JB1', 'Perdagangan luar negeri', '', '', CURRENT_TIMESTAMP, 1, false, false, '', '2024-07-06 09:14:34', 1),
    ('BJ3', 'JB1', 'pemberdayaan konsumen', '', '', CURRENT_TIMESTAMP, 1, false, false, '', '2024-07-06 09:14:34', 1),
    ('BJ4', 'JB1', 'pengembangan ekspor', '', '', CURRENT_TIMESTAMP, 1, false, false, '', '2024-07-06 09:14:34', 1),
    ('BJ5', 'JB1', 'mutu', '', '', CURRENT_TIMESTAMP, 1, false, false, '', '2024-07-06 09:14:34', 1),
    ('BJ6', 'JB1', 'metrologi legal', '', '', CURRENT_TIMESTAMP, 1, false, false, '', '2024-07-06 09:14:34', 1),
    ('BJ7', 'JB1', 'perdaganan berjangka komoditi, sistem resi gudang, dan pasar lelang komoditas', '', '', CURRENT_TIMESTAMP, 1, false, false, '', '2024-07-06 09:14:34', 1),
    ('BJ8', 'JB1', 'perlindungan dan pengamanan perdagangan', '', '', CURRENT_TIMESTAMP, 1, false, false, '', '2024-07-06 09:14:34', 1),
    ('BJ9', 'JB1', 'kerjasama perdaganan', '', '', CURRENT_TIMESTAMP, 1, false, false, '', '2024-07-06 09:14:34', 1),
    ('BJ10', 'JB4', 'barang beredar dan jasa', '', '', CURRENT_TIMESTAMP, 1, false, false, '', '2024-07-06 09:14:34', 2),
    ('BJ11', 'JB4', 'kegiatan perdagangan', '', '', CURRENT_TIMESTAMP, 1, false, false, '', '2024-07-06 09:14:34', 2),
    ('BJ12', 'JB4', 'metrologi legal', '', '', CURRENT_TIMESTAMP, 1, false, false, '', '2024-07-06 09:14:34', 2),
    ('BJ13', 'JB4', 'perdaganan berjangka komoditi, sistem resi gudang, dan pasar lelang komoditas', '', '', CURRENT_TIMESTAMP, 1, false, false, '', '2024-07-06 09:14:34', 2),
    ('BJ14', 'JB5', 'forum perundingan', '', '', CURRENT_TIMESTAMP, 1, false, false, '', '2024-07-06 09:14:34', 2),
    ('BJ15', 'JB5', 'penanganan hambatan perdaganan', '', '', CURRENT_TIMESTAMP, 1, false, false, '', '2024-07-06 09:14:34', 2),
    ('BJ16', 'JB7', 'kimia', '', '', CURRENT_TIMESTAMP, 1, false, false, '', '2024-07-06 09:14:34', 2),
    ('BJ17', 'JB7', 'fisika mekanika', '', '', CURRENT_TIMESTAMP, 1, false, false, '', '2024-07-06 09:14:34', 2),
    ('BJ18', 'JB7', 'mikrobiologi', '', '', CURRENT_TIMESTAMP, 1, false, false, '', '2024-07-06 09:14:34', 2),
    ('BJ19', 'JB7', 'kelistrikan', '', '', CURRENT_TIMESTAMP, 1, false, false, '', '2024-07-06 09:14:34', 2),
    ('BJ20', 'JB7', 'fisika kimia mineral/bebatuan', '', '', CURRENT_TIMESTAMP, 1, false, false, '', '2024-07-06 09:14:34', 2),
    ('BJ21', 'JB7', 'batubara', '', '', CURRENT_TIMESTAMP, 1, false, false, '', '2024-07-06 09:14:34', 2),
    ('BJ22', 'JB7', 'kalibrasi', '', '', CURRENT_TIMESTAMP, 1, false, false, '', '2024-07-06 09:14:34', 2);